zaxis,yaxis,H,Na,K,Mg,Ca,Ba,Ti,V,Mn,Fe,Ni,Cu,Ag,Zn,B,Al,C,Si,Pb,REE,U,F,Cl,O,S,Se,P,As,Sb,Bi
H,H,2879,634,310,450,868,141,192,153,376,657,63,329,5,179,189,792,285,963,200,195,235,169,217,2860,449,19,463,341,32,42
H,Na,634,634,140,103,239,50,103,22,95,149,2,17,0,12,52,199,60,385,6,52,26,74,53,634,88,2,76,25,6,1
H,K,310,140,310,54,118,29,57,9,43,78,1,19,1,9,10,107,12,193,4,8,19,25,30,310,51,1,30,12,2,0
H,Mg,450,103,54,450,130,12,17,14,42,114,5,15,0,20,59,173,48,183,7,8,19,28,27,450,56,1,70,33,2,1
H,Ca,868,239,118,130,868,31,52,41,118,173,5,49,1,28,88,277,90,422,14,84,52,77,74,868,81,2,131,92,3,2
H,Ba,141,50,29,12,31,141,43,13,26,37,0,2,0,1,7,42,12,88,2,11,14,21,13,141,5,1,26,8,0,0
H,Ti,192,103,57,17,52,43,192,12,45,72,0,2,0,15,6,19,2,135,4,44,13,40,9,192,1,0,11,6,3,0
H,V,153,22,9,14,41,13,12,153,22,27,3,10,0,6,4,30,1,24,14,7,19,5,2,153,9,0,11,6,0,4
H,Mn,376,95,43,42,118,26,45,22,376,94,3,5,1,25,13,68,15,188,18,29,5,32,27,376,17,0,77,50,1,0
H,Fe,657,149,78,114,173,37,72,27,94,657,9,30,1,44,18,156,20,228,43,42,20,34,41,657,108,1,155,86,6,10
H,Ni,63,2,1,5,5,0,0,3,3,9,63,7,0,2,0,8,13,7,1,0,4,0,5,62,16,1,2,11,2,1
H,Cu,329,17,19,15,49,2,2,10,5,30,7,329,2,27,4,42,31,29,53,10,17,7,58,328,78,8,36,85,7,7
H,Ag,5,0,1,0,1,0,0,0,1,1,0,2,5,1,0,0,0,0,2,0,0,0,2,5,1,0,0,0,1,0
H,Zn,179,12,9,20,28,1,15,6,25,44,2,27,1,179,0,31,11,32,17,4,4,3,9,179,36,0,24,51,3,0
H,B,189,52,10,59,88,7,6,4,13,18,0,4,0,0,189,50,11,77,4,14,0,16,28,188,8,0,4,2,0,0
H,Al,792,199,107,173,277,42,19,30,68,156,8,42,0,31,50,792,53,414,28,49,18,78,37,792,128,1,155,44,5,1
H,C,285,60,12,48,90,12,2,1,15,20,13,31,0,11,11,53,285,45,23,50,29,13,23,274,31,0,16,3,0,0
H,Si,963,385,193,183,422,88,135,24,188,228,7,29,0,32,77,414,45,963,27,95,19,90,56,961,35,0,17,16,2,1
H,Pb,200,6,4,7,14,2,4,14,18,43,1,53,2,17,4,28,23,27,200,6,26,6,39,199,40,5,25,41,4,5
H,REE,195,52,8,8,84,11,44,7,29,42,0,10,0,4,14,49,50,95,6,195,19,35,7,195,8,0,24,12,0,0
H,U,235,26,19,19,52,14,13,19,5,20,4,17,0,4,0,18,29,19,26,19,235,7,1,235,35,7,52,34,0,6
H,F,169,74,25,28,77,21,40,5,32,34,0,7,0,3,16,78,13,90,6,35,7,169,11,166,18,0,32,3,1,0
H,Cl,217,53,30,27,74,13,9,2,27,41,5,58,2,9,28,37,23,56,39,7,1,11,217,212,32,1,3,15,3,2
H,O,2860,634,310,450,868,141,192,153,376,657,62,328,5,179,188,792,274,961,199,195,235,166,212,2860,449,19,463,341,32,41
H,S,449,88,51,56,81,5,1,9,17,108,16,78,1,36,8,128,31,35,40,8,35,18,32,449,449,2,21,20,10,4
H,Se,19,2,1,1,2,1,0,0,0,1,1,8,0,0,0,1,0,0,5,0,7,0,1,19,2,19,0,0,0,1
H,P,463,76,30,70,131,26,11,11,77,155,2,36,0,24,4,155,16,17,25,24,52,32,3,463,21,0,463,3,0,10
H,As,341,25,12,33,92,8,6,6,50,86,11,85,0,51,2,44,3,16,41,12,34,3,15,341,20,0,3,341,7,13
H,Sb,32,6,2,2,3,0,3,0,1,6,2,7,1,3,0,5,0,2,4,0,0,1,3,32,10,0,0,7,32,0
H,Bi,42,1,0,1,2,0,0,4,0,10,1,7,0,0,0,1,0,1,5,0,6,0,2,41,4,1,10,13,0,42
Na,H,634,634,140,103,239,50,103,22,95,149,2,17,0,12,52,199,60,385,6,52,26,74,53,634,88,2,76,25,6,1
Na,Na,634,975,193,168,363,70,157,29,143,222,2,36,0,17,65,274,103,550,12,101,31,184,85,951,130,3,139,42,11,4
Na,K,140,193,193,33,89,22,47,4,36,42,0,8,0,4,7,59,10,146,4,7,4,26,23,188,32,1,10,2,1,0
Na,Mg,103,168,33,168,66,4,15,6,16,52,0,4,0,1,15,72,10,104,0,1,1,31,3,165,14,1,25,8,0,0
Na,Ca,239,363,89,66,363,25,52,9,62,91,0,12,0,0,17,129,42,225,5,52,11,94,47,358,37,0,57,20,2,0
Na,Ba,50,70,22,4,25,70,37,0,14,16,0,0,0,0,4,13,9,49,1,16,3,26,3,69,2,0,12,0,0,0
Na,Ti,103,157,47,15,52,37,157,1,40,46,0,1,0,5,3,6,4,141,3,26,2,55,6,157,1,0,11,2,2,0
Na,V,22,29,4,6,9,0,1,29,5,4,0,1,0,0,3,3,0,7,0,0,1,0,0,29,0,0,0,1,0,0
Na,Mn,95,143,36,16,62,14,40,5,143,42,0,0,0,3,6,21,9,94,3,19,1,32,14,142,5,0,29,8,1,0
Na,Fe,149,222,42,52,91,16,46,4,42,222,0,11,0,4,12,60,7,134,4,20,2,42,25,220,18,0,44,18,1,0
Na,Ni,2,2,0,0,0,0,0,0,0,0,2,0,0,0,0,0,1,0,0,0,0,0,0,2,1,0,0,0,0,0
Na,Cu,17,36,8,4,12,0,1,1,0,11,0,36,0,1,0,3,5,3,1,1,0,0,10,35,9,1,3,14,1,0
Na,Ag,0,0,0,0,0,0,0,0,0,0,0,0,0,0,0,0,0,0,0,0,0,0,0,0,0,0,0,0,0,0
Na,Zn,12,17,4,1,0,0,5,0,3,4,0,1,0,17,0,3,0,10,1,4,0,3,1,16,4,0,0,1,0,0
Na,B,52,65,7,15,17,4,3,3,6,12,0,0,0,0,65,20,1,43,0,7,0,15,4,63,3,0,3,2,0,0
Na,Al,199,274,59,72,129,13,6,3,21,60,0,3,0,3,20,274,18,199,2,2,1,48,26,265,36,0,36,7,0,0
Na,C,60,103,10,10,42,9,4,0,9,7,1,5,0,0,1,18,103,23,1,32,6,16,11,103,16,0,13,1,0,0
Na,Si,385,550,146,104,225,49,141,7,94,134,0,3,0,10,43,199,23,550,0,55,3,112,44,547,28,0,21,4,0,0
Na,Pb,6,12,4,0,5,1,3,0,3,4,0,1,0,1,0,2,1,0,12,3,3,2,3,12,2,0,1,3,0,0
Na,REE,52,101,7,1,52,16,26,0,19,20,0,1,0,4,7,2,32,55,3,101,3,41,8,97,3,0,18,2,0,0
Na,U,26,31,4,1,11,3,2,1,1,2,0,0,0,0,0,1,6,3,3,3,31,3,1,31,11,1,2,1,0,0
Na,F,74,184,26,31,94,26,55,0,32,42,0,0,0,3,15,48,16,112,2,41,3,184,12,165,11,0,29,6,1,1
Na,Cl,53,85,23,3,47,3,6,0,14,25,0,10,0,1,4,26,11,44,3,8,1,12,85,82,32,1,3,8,1,1
Na,O,634,951,188,165,358,69,157,29,142,220,2,35,0,16,63,265,103,547,12,97,31,165,82,951,128,3,139,42,11,4
Na,S,88,130,32,14,37,2,1,0,5,18,1,9,0,4,3,36,16,28,2,3,11,11,32,128,130,0,2,1,3,2
Na,Se,2,3,1,1,0,0,0,0,0,0,0,1,0,0,0,0,0,0,0,0,1,0,1,3,0,3,0,0,0,0
Na,P,76,139,10,25,57,12,11,0,29,44,0,3,0,0,3,36,13,21,1,18,2,29,3,139,2,0,139,0,0,0
Na,As,25,42,2,8,20,0,2,1,8,18,0,14,0,1,2,7,1,4,3,2,1,6,8,42,1,0,0,42,3,0
Na,Sb,6,11,1,0,2,0,2,0,1,1,0,1,0,0,0,0,0,0,0,0,0,1,1,11,3,0,0,3,11,0
Na,Bi,1,4,0,0,0,0,0,0,0,0,0,0,0,0,0,0,0,0,0,0,0,1,1,4,2,0,0,0,0,4
K,H,310,140,310,54,118,29,57,9,43,78,1,19,1,9,10,107,12,193,4,8,19,25,30,310,51,1,30,12,2,0
K,Na,140,193,193,33,89,22,47,4,36,42,0,8,0,4,7,59,10,146,4,7,4,26,23,188,32,1,10,2,1,0
K,K,310,193,476,79,152,33,75,15,56,108,2,45,2,19,18,148,19,280,11,12,21,59,61,450,90,3,33,19,4,1
K,Mg,54,33,79,79,21,4,9,2,10,27,0,1,0,2,3,30,1,52,0,0,1,14,4,78,11,1,6,0,0,0
K,Ca,118,89,152,21,152,16,20,3,17,27,0,6,0,2,5,63,11,113,2,8,7,26,21,151,24,0,11,4,0,0
K,Ba,29,22,33,4,16,33,18,1,8,8,0,1,0,0,2,11,1,27,2,3,1,8,1,33,0,0,0,0,0,0
K,Ti,57,47,75,9,20,18,75,1,18,23,0,0,0,3,1,6,0,64,1,1,0,12,3,75,1,0,3,2,0,0
K,V,9,4,15,2,3,1,1,15,2,2,0,2,0,0,0,1,0,3,0,0,2,0,1,14,2,0,0,0,0,0
K,Mn,43,36,56,10,17,8,18,2,56,14,0,0,0,4,1,13,0,45,0,1,0,12,3,54,1,0,5,0,0,0
K,Fe,78,42,108,27,27,8,23,2,14,108,1,8,1,3,0,30,1,60,1,0,0,12,13,101,22,0,13,3,1,1
K,Ni,1,0,2,0,0,0,0,0,0,1,2,1,0,0,0,0,0,0,0,0,0,0,1,1,2,0,0,0,0,0
K,Cu,19,8,45,1,6,1,0,2,0,8,1,45,2,1,0,4,1,6,3,0,0,0,17,40,19,2,0,8,2,1
K,Ag,1,0,2,0,0,0,0,0,0,1,0,2,2,0,0,0,0,0,1,0,0,0,1,1,1,0,0,0,1,0
K,Zn,9,4,19,2,2,0,3,0,4,3,0,1,0,19,1,6,0,12,1,0,0,0,5,17,1,1,0,2,0,0
K,B,10,7,18,3,5,2,1,0,1,0,0,0,0,1,18,6,0,9,1,1,0,4,4,16,1,0,0,0,0,0
K,Al,107,59,148,30,63,11,6,1,13,30,0,4,0,6,6,148,5,121,1,0,0,16,15,147,23,0,9,3,0,0
K,C,12,10,19,1,11,1,0,0,0,1,0,1,0,0,0,5,19,7,0,2,3,1,4,19,4,0,0,0,0,0
K,Si,193,146,280,52,113,27,64,3,45,60,0,6,0,12,9,121,7,280,1,11,3,50,18,276,15,0,2,1,0,0
K,Pb,4,4,11,0,2,2,1,0,0,1,0,3,1,1,1,1,0,1,11,1,1,1,5,8,3,1,0,1,1,0
K,REE,8,7,12,0,8,3,1,0,1,0,0,0,0,0,1,0,2,11,1,12,0,3,0,12,0,0,0,0,0,0
K,U,19,4,21,1,7,1,0,2,0,0,0,0,0,0,0,0,3,3,1,0,21,0,0,21,5,0,3,2,0,0
K,F,25,26,59,14,26,8,12,0,12,12,0,0,0,0,4,16,1,50,1,3,0,59,3,51,4,0,2,0,0,0
K,Cl,30,23,61,4,21,1,3,1,3,13,1,17,1,5,4,15,4,18,5,0,0,3,61,49,17,2,0,3,0,1
K,O,310,188,450,78,151,33,75,14,54,101,1,40,1,17,16,147,19,276,8,12,21,51,49,450,82,3,33,19,2,1
K,S,51,32,90,11,24,0,1,2,1,22,2,19,1,1,1,23,4,15,3,0,5,4,17,82,90,0,0,1,4,1
K,Se,1,1,3,1,0,0,0,0,0,0,0,2,0,1,0,0,0,0,1,0,0,0,2,3,0,3,0,0,0,0
K,P,30,10,33,6,11,0,3,0,5,13,0,0,0,0,0,9,0,2,0,0,3,2,0,33,0,0,33,0,0,0
K,As,12,2,19,0,4,0,2,0,0,3,0,8,0,2,0,3,0,1,1,0,2,0,3,19,1,0,0,19,1,0
K,Sb,2,1,4,0,0,0,0,0,0,1,0,2,1,0,0,0,0,0,1,0,0,0,0,2,4,0,0,1,4,0
K,Bi,0,0,1,0,0,0,0,0,0,1,0,1,0,0,0,0,0,0,0,0,0,0,1,1,1,0,0,0,0,1
Mg,H,450,103,54,450,130,12,17,14,42,114,5,15,0,20,59,173,48,183,7,8,19,28,27,450,56,1,70,33,2,1
Mg,Na,103,168,33,168,66,4,15,6,16,52,0,4,0,1,15,72,10,104,0,1,1,31,3,165,14,1,25,8,0,0
Mg,K,54,33,79,79,21,4,9,2,10,27,0,1,0,2,3,30,1,52,0,0,1,14,4,78,11,1,6,0,0,0
Mg,Mg,450,168,79,649,197,25,48,17,63,178,5,19,0,22,82,235,58,276,8,18,19,76,36,641,65,1,92,41,8,1
Mg,Ca,130,66,21,197,197,9,13,5,18,66,1,3,0,4,19,94,15,108,1,14,3,30,9,195,5,0,35,16,1,0
Mg,Ba,12,4,4,25,9,25,10,0,2,10,0,0,0,0,1,9,3,12,0,0,0,6,2,24,0,0,3,0,0,0
Mg,Ti,17,15,9,48,13,10,48,0,4,31,0,0,0,3,3,21,0,24,0,6,0,5,2,48,0,0,2,0,0,0
Mg,V,14,6,2,17,5,0,0,17,1,2,0,0,0,0,3,5,0,5,0,0,0,0,0,17,1,0,0,0,0,0
Mg,Mn,42,16,10,63,18,2,4,1,63,28,2,0,0,9,5,22,2,30,3,1,0,3,3,63,1,0,16,8,3,0
Mg,Fe,114,52,27,178,66,10,31,2,28,178,2,5,0,14,13,74,6,93,3,7,1,21,4,178,12,0,25,9,4,1
Mg,Ni,5,0,0,5,1,0,0,0,2,2,5,0,0,0,0,1,0,2,0,0,0,0,0,5,1,0,0,0,0,0
Mg,Cu,15,4,1,19,3,0,0,0,0,5,0,19,0,1,0,3,2,1,0,0,0,0,3,19,4,0,1,6,0,0
Mg,Ag,0,0,0,0,0,0,0,0,0,0,0,0,0,0,0,0,0,0,0,0,0,0,0,0,0,0,0,0,0,0
Mg,Zn,20,1,2,22,4,0,3,0,9,14,0,1,0,22,0,11,1,6,0,0,0,0,0,22,2,0,2,4,1,0
Mg,B,59,15,3,82,19,1,3,3,5,13,0,0,0,0,82,29,6,30,1,0,0,8,9,82,1,0,1,1,2,0
Mg,Al,173,72,30,235,94,9,21,5,22,74,1,3,0,11,29,235,11,154,0,9,0,37,8,232,17,0,22,6,2,0
Mg,C,48,10,1,58,15,3,0,0,2,6,0,2,0,1,6,11,58,5,3,1,4,2,5,58,6,0,8,0,0,0
Mg,Si,183,104,52,276,108,12,24,5,30,93,2,1,0,6,30,154,5,276,3,13,3,48,7,276,1,0,3,4,1,0
Mg,Pb,7,0,0,8,1,0,0,0,3,3,0,0,0,0,1,0,3,3,8,0,1,1,2,8,1,0,0,1,0,0
Mg,REE,8,1,0,18,14,0,6,0,1,7,0,0,0,0,0,9,1,13,0,18,0,5,0,18,0,0,1,0,0,0
Mg,U,19,1,1,19,3,0,0,0,0,1,0,0,0,0,0,0,4,3,1,0,19,1,0,19,4,0,2,4,0,0
Mg,F,28,31,14,76,30,6,5,0,3,21,0,0,0,0,8,37,2,48,1,5,1,76,0,70,7,0,6,3,0,0
Mg,Cl,27,3,4,36,9,2,2,0,3,4,0,3,0,0,9,8,5,7,2,0,0,0,36,35,6,0,0,0,0,0
Mg,O,450,165,78,641,195,24,48,17,63,178,5,19,0,22,82,232,58,276,8,18,19,70,35,641,64,1,92,41,8,1
Mg,S,56,14,11,65,5,0,0,1,1,12,1,4,0,2,1,17,6,1,1,0,4,7,6,64,65,0,0,0,0,0
Mg,Se,1,1,1,1,0,0,0,0,0,0,0,0,0,0,0,0,0,0,0,0,0,0,0,1,0,1,0,0,0,0
Mg,P,70,25,6,92,35,3,2,0,16,25,0,1,0,2,1,22,8,3,0,1,2,6,0,92,0,0,92,0,0,0
Mg,As,33,8,0,41,16,0,0,0,8,9,0,6,0,4,1,6,0,4,1,0,4,3,0,41,0,0,0,41,0,1
Mg,Sb,2,0,0,8,1,0,0,0,3,4,0,0,0,1,2,2,0,1,0,0,0,0,0,8,0,0,0,0,8,0
Mg,Bi,1,0,0,1,0,0,0,0,0,1,0,0,0,0,0,0,0,0,0,0,0,0,0,1,0,0,0,1,0,1
Ca,H,868,239,118,130,868,31,52,41,118,173,5,49,1,28,88,277,90,422,14,84,52,77,74,868,81,2,131,92,3,2
Ca,Na,239,363,89,66,363,25,52,9,62,91,0,12,0,0,17,129,42,225,5,52,11,94,47,358,37,0,57,20,2,0
Ca,K,118,89,152,21,152,16,20,3,17,27,0,6,0,2,5,63,11,113,2,8,7,26,21,151,24,0,11,4,0,0
Ca,Mg,130,66,21,197,197,9,13,5,18,66,1,3,0,4,19,94,15,108,1,14,3,30,9,195,5,0,35,16,1,0
Ca,Ca,868,363,152,197,1248,56,105,50,154,245,5,57,1,35,111,371,135,618,28,136,60,184,100,1233,106,2,182,111,15,4
Ca,Ba,31,25,16,9,56,56,10,3,10,12,0,1,0,0,5,15,12,31,3,8,4,19,5,55,3,0,8,1,0,0
Ca,Ti,52,52,20,13,105,10,105,1,25,35,0,0,0,0,4,15,0,71,0,28,6,32,6,105,1,0,5,3,2,0
Ca,V,41,9,3,5,50,3,1,50,2,8,0,1,0,0,0,7,1,12,0,1,3,2,0,50,0,0,2,4,0,0
Ca,Mn,118,62,17,18,154,10,25,2,154,52,1,0,1,5,6,27,8,86,4,16,0,20,14,154,3,0,35,13,2,0
Ca,Fe,173,91,27,66,245,12,35,8,52,245,0,8,0,9,13,89,4,143,4,31,5,26,23,245,5,0,54,27,5,1
Ca,Ni,5,0,0,1,5,0,0,0,1,0,5,0,0,0,0,0,0,0,0,0,0,0,0,5,0,0,1,3,0,0
Ca,Cu,49,12,6,3,57,1,0,1,0,8,0,57,0,5,2,7,6,10,4,2,2,0,11,56,9,0,6,25,2,2
Ca,Ag,1,0,0,0,1,0,0,0,1,0,0,0,1,0,0,0,0,0,0,0,0,0,0,1,0,0,0,0,0,0
Ca,Zn,28,0,2,4,35,0,0,0,5,9,0,5,0,35,0,2,3,10,2,0,1,0,0,35,3,0,9,10,0,0
Ca,B,88,17,5,19,111,5,4,0,6,13,0,2,0,0,111,26,7,45,2,16,0,13,16,111,7,0,4,4,0,0
Ca,Al,277,129,63,94,371,15,15,7,27,89,0,7,0,2,26,371,21,272,7,34,0,57,30,364,41,0,42,9,2,0
Ca,C,90,42,11,15,135,12,0,1,8,4,0,6,0,3,7,21,135,32,2,34,18,19,13,135,14,0,7,2,0,2
Ca,Si,422,225,113,108,618,31,71,12,86,143,0,10,0,10,45,272,32,618,14,78,7,106,55,618,40,0,22,4,1,0
Ca,Pb,14,5,2,1,28,3,0,0,4,4,0,4,0,2,2,7,2,14,28,3,2,5,5,27,2,0,4,3,1,0
Ca,REE,84,52,8,14,136,8,28,1,16,31,0,2,0,0,16,34,34,78,3,136,8,46,5,133,3,0,15,5,0,0
Ca,U,52,11,7,3,60,4,6,3,0,5,0,2,0,1,0,0,18,7,2,8,60,4,0,60,3,1,10,4,0,0
Ca,F,77,94,26,30,184,19,32,2,20,26,0,0,0,0,13,57,19,106,5,46,4,184,9,172,13,0,34,6,1,1
Ca,Cl,74,47,21,9,100,5,6,0,14,23,0,11,0,0,16,30,13,55,5,5,0,9,100,98,15,0,5,11,2,1
Ca,O,868,358,151,195,1233,55,105,50,154,245,5,56,1,35,111,364,135,618,27,133,60,172,98,1233,104,2,182,111,15,4
Ca,S,81,37,24,5,106,3,1,0,3,5,0,9,0,3,7,41,14,40,2,3,3,13,15,104,106,0,3,1,2,0
Ca,Se,2,0,0,0,2,0,0,0,0,0,0,0,0,0,0,0,0,0,0,0,1,0,0,2,0,2,0,0,0,0
Ca,P,131,57,11,35,182,8,5,2,35,54,1,6,0,9,4,42,7,22,4,15,10,34,5,182,3,0,182,2,0,1
Ca,As,92,20,4,16,111,1,3,4,13,27,3,25,0,10,4,9,2,4,3,5,4,6,11,111,1,0,2,111,2,1
Ca,Sb,3,2,0,1,15,0,2,0,2,5,0,2,0,0,0,2,0,1,1,0,0,1,2,15,2,0,0,2,15,0
Ca,Bi,2,0,0,0,4,0,0,0,0,1,0,2,0,0,0,0,2,0,0,0,0,1,1,4,0,0,1,1,0,4
Ba,H,141,50,29,12,31,141,43,13,26,37,0,2,0,1,7,42,12,88,2,11,14,21,13,141,5,1,26,8,0,0
Ba,Na,50,70,22,4,25,70,37,0,14,16,0,0,0,0,4,13,9,49,1,16,3,26,3,69,2,0,12,0,0,0
Ba,K,29,22,33,4,16,33,18,1,8,8,0,1,0,0,2,11,1,27,2,3,1,8,1,33,0,0,0,0,0,0
Ba,Mg,12,4,4,25,9,25,10,0,2,10,0,0,0,0,1,9,3,12,0,0,0,6,2,24,0,0,3,0,0,0
Ba,Ca,31,25,16,9,56,56,10,3,10,12,0,1,0,0,5,15,12,31,3,8,4,19,5,55,3,0,8,1,0,0
Ba,Ba,141,70,33,25,56,235,68,20,31,53,1,6,0,1,14,51,29,134,4,25,14,48,20,230,9,1,37,9,0,0
Ba,Ti,43,37,18,10,10,68,68,3,13,25,0,0,0,1,6,4,1,57,0,8,0,20,7,68,1,0,6,0,0,0
Ba,V,13,0,1,0,3,20,3,20,2,2,0,1,0,0,1,2,1,9,0,0,1,2,1,20,0,0,3,0,0,0
Ba,Mn,26,14,8,2,10,31,13,2,31,8,0,0,0,0,1,3,0,22,1,1,0,12,6,31,0,0,4,0,0,0
Ba,Fe,37,16,8,10,12,53,25,2,8,53,1,1,0,0,2,7,3,33,2,4,0,10,7,52,2,0,7,3,0,0
Ba,Ni,0,0,0,0,0,1,0,0,0,1,1,1,0,0,0,0,0,0,1,0,0,0,0,0,1,0,0,0,0,0
Ba,Cu,2,0,1,0,1,6,0,1,0,1,1,6,0,0,0,1,0,4,1,0,0,0,0,5,1,0,0,0,0,0
Ba,Ag,0,0,0,0,0,0,0,0,0,0,0,0,0,0,0,0,0,0,0,0,0,0,0,0,0,0,0,0,0,0
Ba,Zn,1,0,0,0,0,1,1,0,0,0,0,0,0,1,0,0,0,1,0,0,0,0,0,1,0,0,0,0,0,0
Ba,B,7,4,2,1,5,14,6,1,1,2,0,0,0,0,14,0,0,14,1,4,0,5,3,14,0,0,1,0,0,0
Ba,Al,42,13,11,9,15,51,4,2,3,7,0,1,0,0,0,51,6,32,0,0,0,6,3,49,3,0,10,3,0,0
Ba,C,12,9,1,3,12,29,1,1,0,3,0,0,0,0,0,6,29,6,0,12,1,11,3,29,1,0,2,0,0,0
Ba,Si,88,49,27,12,31,134,57,9,22,33,0,4,0,1,14,32,6,134,2,11,1,29,15,134,4,0,7,0,0,0
Ba,Pb,2,1,2,0,3,4,0,0,1,2,1,1,0,0,1,0,0,2,4,1,1,1,1,3,1,0,0,0,0,0
Ba,REE,11,16,3,0,8,25,8,0,1,4,0,0,0,0,4,0,12,11,1,25,1,15,2,25,1,0,3,0,0,0
Ba,U,14,3,1,0,4,14,0,1,0,0,0,0,0,0,0,0,1,1,1,1,14,0,0,14,0,1,3,2,0,0
Ba,F,21,26,8,6,19,48,20,2,12,10,0,0,0,0,5,6,11,29,1,15,0,48,5,44,1,0,10,0,0,0
Ba,Cl,13,3,1,2,5,20,7,1,6,7,0,0,0,0,3,3,3,15,1,2,0,5,20,19,1,0,2,1,0,0
Ba,O,141,69,33,24,55,230,68,20,31,52,0,5,0,1,14,49,29,134,3,25,14,44,19,230,8,1,37,9,0,0
Ba,S,5,2,0,0,3,9,1,0,0,2,1,1,0,0,0,3,1,4,1,1,0,1,1,8,9,0,0,1,0,0
Ba,Se,1,0,0,0,0,1,0,0,0,0,0,0,0,0,0,0,0,0,0,0,1,0,0,1,0,1,0,0,0,0
Ba,P,26,12,0,3,8,37,6,3,4,7,0,0,0,0,1,10,2,7,0,3,3,10,2,37,0,0,37,0,0,0
Ba,As,8,0,0,0,1,9,0,0,0,3,0,0,0,0,0,3,0,0,0,0,2,0,1,9,1,0,0,9,0,0
Ba,Sb,0,0,0,0,0,0,0,0,0,0,0,0,0,0,0,0,0,0,0,0,0,0,0,0,0,0,0,0,0,0
Ba,Bi,0,0,0,0,0,0,0,0,0,0,0,0,0,0,0,0,0,0,0,0,0,0,0,0,0,0,0,0,0,0
Ti,H,192,103,57,17,52,43,192,12,45,72,0,2,0,15,6,19,2,135,4,44,13,40,9,192,1,0,11,6,3,0
Ti,Na,103,157,47,15,52,37,157,1,40,46,0,1,0,5,3,6,4,141,3,26,2,55,6,157,1,0,11,2,2,0
Ti,K,57,47,75,9,20,18,75,1,18,23,0,0,0,3,1,6,0,64,1,1,0,12,3,75,1,0,3,2,0,0
Ti,Mg,17,15,9,48,13,10,48,0,4,31,0,0,0,3,3,21,0,24,0,6,0,5,2,48,0,0,2,0,0,0
Ti,Ca,52,52,20,13,105,10,105,1,25,35,0,0,0,0,4,15,0,71,0,28,6,32,6,105,1,0,5,3,2,0
Ti,Ba,43,37,18,10,10,68,68,3,13,25,0,0,0,1,6,4,1,57,0,8,0,20,7,68,1,0,6,0,0,0
Ti,Ti,192,157,75,48,105,68,352,19,64,137,0,2,0,16,11,40,6,216,10,73,19,65,12,345,4,0,18,11,4,0
Ti,V,12,1,1,0,1,3,19,19,4,10,0,0,0,1,1,1,1,2,2,5,5,2,1,18,0,0,0,2,0,0
Ti,Mn,45,40,18,4,25,13,64,4,64,28,0,0,0,3,1,2,0,46,6,12,4,22,6,64,0,0,3,1,1,0
Ti,Fe,72,46,23,31,35,25,137,10,28,137,0,0,0,8,5,22,2,68,8,35,11,24,7,133,2,0,4,6,2,0
Ti,Ni,0,0,0,0,0,0,0,0,0,0,0,0,0,0,0,0,0,0,0,0,0,0,0,0,0,0,0,0,0,0
Ti,Cu,2,1,0,0,0,0,2,0,0,0,0,2,0,0,0,0,0,1,0,0,0,0,0,2,0,0,0,1,1,0
Ti,Ag,0,0,0,0,0,0,0,0,0,0,0,0,0,0,0,0,0,0,0,0,0,0,0,0,0,0,0,0,0,0
Ti,Zn,15,5,3,3,0,1,16,1,3,8,0,0,0,16,0,4,0,7,3,4,1,3,0,16,0,0,0,0,0,0
Ti,B,6,3,1,3,4,6,11,1,1,5,0,0,0,0,11,2,0,9,0,3,0,3,3,11,0,0,2,0,0,0
Ti,Al,19,6,6,21,15,4,40,1,2,22,0,0,0,4,2,40,0,23,0,7,0,3,1,40,0,0,2,2,0,0
Ti,C,2,4,0,0,0,1,6,1,0,2,0,0,0,0,0,0,6,4,0,3,0,1,0,5,0,0,0,0,0,0
Ti,Si,135,141,64,24,71,57,216,2,46,68,0,1,0,7,9,23,4,216,0,38,0,57,12,215,1,0,13,2,0,0
Ti,Pb,4,3,1,0,0,0,10,2,6,8,0,0,0,3,0,0,0,0,10,6,4,1,0,10,0,0,0,1,0,0
Ti,REE,44,26,1,6,28,8,73,5,12,35,0,0,0,4,3,7,3,38,6,73,13,16,1,73,0,0,3,2,0,0
Ti,U,13,2,0,0,6,0,19,5,4,11,0,0,0,1,0,0,0,0,4,13,19,2,0,19,0,0,0,1,0,0
Ti,F,40,55,12,5,32,20,65,2,22,24,0,0,0,3,3,3,1,57,1,16,2,65,2,65,0,0,11,0,0,0
Ti,Cl,9,6,3,2,6,7,12,1,6,7,0,0,0,0,3,1,0,12,0,1,0,2,12,12,0,0,0,0,0,0
Ti,O,192,157,75,48,105,68,345,18,64,133,0,2,0,16,11,40,5,215,10,73,19,65,12,345,2,0,17,11,4,0
Ti,S,1,1,1,0,1,1,4,0,0,2,0,0,0,0,0,0,0,1,0,0,0,0,0,2,4,0,0,0,0,0
Ti,Se,0,0,0,0,0,0,0,0,0,0,0,0,0,0,0,0,0,0,0,0,0,0,0,0,0,0,0,0,0,0
Ti,P,11,11,3,2,5,6,18,0,3,4,0,0,0,0,2,2,0,13,0,3,0,11,0,17,0,0,18,0,0,0
Ti,As,6,2,2,0,3,0,11,2,1,6,0,1,0,0,0,2,0,2,1,2,1,0,0,11,0,0,0,11,1,0
Ti,Sb,3,2,0,0,2,0,4,0,1,2,0,1,0,0,0,0,0,0,0,0,0,0,0,4,0,0,0,1,4,0
Ti,Bi,0,0,0,0,0,0,0,0,0,0,0,0,0,0,0,0,0,0,0,0,0,0,0,0,0,0,0,0,0,0
V,H,153,22,9,14,41,13,12,153,22,27,3,10,0,6,4,30,1,24,14,7,19,5,2,153,9,0,11,6,0,4
V,Na,22,29,4,6,9,0,1,29,5,4,0,1,0,0,3,3,0,7,0,0,1,0,0,29,0,0,0,1,0,0
V,K,9,4,15,2,3,1,1,15,2,2,0,2,0,0,0,1,0,3,0,0,2,0,1,14,2,0,0,0,0,0
V,Mg,14,6,2,17,5,0,0,17,1,2,0,0,0,0,3,5,0,5,0,0,0,0,0,17,1,0,0,0,0,0
V,Ca,41,9,3,5,50,3,1,50,2,8,0,1,0,0,0,7,1,12,0,1,3,2,0,50,0,0,2,4,0,0
V,Ba,13,0,1,0,3,20,3,20,2,2,0,1,0,0,1,2,1,9,0,0,1,2,1,20,0,0,3,0,0,0
V,Ti,12,1,1,0,1,3,19,19,4,10,0,0,0,1,1,1,1,2,2,5,5,2,1,18,0,0,0,2,0,0
V,V,153,29,15,17,50,20,19,226,28,36,3,28,1,7,4,33,2,38,22,11,19,6,8,217,17,0,11,9,2,7
V,Mn,22,5,2,1,2,2,4,28,28,5,0,0,0,1,0,3,0,10,5,4,4,0,0,28,0,0,1,0,0,0
V,Fe,27,4,2,2,8,2,10,36,5,36,0,3,0,1,0,6,1,4,7,6,5,2,0,35,0,0,1,1,0,0
V,Ni,3,0,0,0,0,0,0,3,0,0,3,0,0,2,0,2,0,0,0,0,0,0,0,3,0,0,0,0,0,0
V,Cu,10,1,2,0,1,1,0,28,0,3,0,28,0,0,0,3,0,0,2,0,1,2,4,23,5,0,2,2,1,1
V,Ag,0,0,0,0,0,0,0,1,0,0,0,0,1,0,0,0,0,0,0,0,0,0,0,1,0,0,0,0,0,0
V,Zn,6,0,0,0,0,0,1,7,1,1,2,0,0,7,0,2,0,1,3,1,1,0,0,7,0,0,0,0,0,0
V,B,4,3,0,3,0,1,1,4,0,0,0,0,0,0,4,1,0,4,0,0,0,0,1,4,0,0,0,0,0,0
V,Al,30,3,1,5,7,2,1,33,3,6,2,3,0,2,1,33,1,12,1,2,2,3,0,33,1,0,4,1,0,0
V,C,1,0,0,0,1,1,1,2,0,1,0,0,0,0,0,1,2,1,0,0,0,1,0,1,0,0,0,0,0,0
V,Si,24,7,3,5,12,9,2,38,10,4,0,0,0,1,4,12,1,38,1,2,0,2,2,38,0,0,0,1,0,0
V,Pb,14,0,0,0,0,0,2,22,5,7,0,2,0,3,0,1,0,1,22,1,2,0,4,22,0,0,2,1,0,1
V,REE,7,0,0,0,1,0,5,11,4,6,0,0,0,1,0,2,0,2,1,11,5,2,0,11,0,0,0,0,0,0
V,U,19,1,2,0,3,1,5,19,4,5,0,1,0,1,0,2,0,0,2,5,19,2,0,19,1,0,1,0,0,0
V,F,5,0,0,0,2,2,2,6,0,2,0,2,0,0,0,3,1,2,0,2,2,6,0,6,0,0,2,0,0,0
V,Cl,2,0,1,0,0,1,1,8,0,0,0,4,0,0,1,0,0,2,4,0,0,0,8,8,0,0,0,1,0,0
V,O,153,29,14,17,50,20,18,217,28,35,3,23,1,7,4,33,1,38,22,11,19,6,8,217,10,0,11,7,1,7
V,S,9,0,2,1,0,0,0,17,0,0,0,5,0,0,0,1,0,0,0,0,1,0,0,10,17,0,0,2,1,0
V,Se,0,0,0,0,0,0,0,0,0,0,0,0,0,0,0,0,0,0,0,0,0,0,0,0,0,0,0,0,0,0
V,P,11,0,0,0,2,3,0,11,1,1,0,2,0,0,0,4,0,0,2,0,1,2,0,11,0,0,11,0,0,0
V,As,6,1,0,0,4,0,2,9,0,1,0,2,0,0,0,1,0,1,1,0,0,0,1,7,2,0,0,9,1,0
V,Sb,0,0,0,0,0,0,0,2,0,0,0,1,0,0,0,0,0,0,0,0,0,0,0,1,1,0,0,1,2,0
V,Bi,4,0,0,0,0,0,0,7,0,0,0,1,0,0,0,0,0,0,1,0,0,0,0,7,0,0,0,0,0,7
Mn,H,376,95,43,42,118,26,45,22,376,94,3,5,1,25,13,68,15,188,18,29,5,32,27,376,17,0,77,50,1,0
Mn,Na,95,143,36,16,62,14,40,5,143,42,0,0,0,3,6,21,9,94,3,19,1,32,14,142,5,0,29,8,1,0
Mn,K,43,36,56,10,17,8,18,2,56,14,0,0,0,4,1,13,0,45,0,1,0,12,3,54,1,0,5,0,0,0
Mn,Mg,42,16,10,63,18,2,4,1,63,28,2,0,0,9,5,22,2,30,3,1,0,3,3,63,1,0,16,8,3,0
Mn,Ca,118,62,17,18,154,10,25,2,154,52,1,0,1,5,6,27,8,86,4,16,0,20,14,154,3,0,35,13,2,0
Mn,Ba,26,14,8,2,10,31,13,2,31,8,0,0,0,0,1,3,0,22,1,1,0,12,6,31,0,0,4,0,0,0
Mn,Ti,45,40,18,4,25,13,64,4,64,28,0,0,0,3,1,2,0,46,6,12,4,22,6,64,0,0,3,1,1,0
Mn,V,22,5,2,1,2,2,4,28,28,5,0,0,0,1,0,3,0,10,5,4,4,0,0,28,0,0,1,0,0,0
Mn,Mn,376,143,56,63,154,31,64,28,549,139,3,8,6,33,24,84,22,246,34,40,6,42,34,531,35,0,108,57,18,1
Mn,Fe,94,42,14,28,52,8,28,5,139,139,1,2,0,14,2,22,0,55,11,21,4,14,9,138,1,0,54,7,4,0
Mn,Ni,3,0,0,2,1,0,0,0,3,1,3,0,0,0,0,0,0,0,0,0,0,0,0,3,0,0,0,0,0,0
Mn,Cu,5,0,0,0,0,0,0,0,8,2,0,8,0,0,0,0,0,3,0,1,0,0,2,8,1,0,0,2,0,0
Mn,Ag,1,0,0,0,1,0,0,0,6,0,0,0,6,0,0,0,0,0,2,0,0,0,0,1,5,0,0,2,3,0
Mn,Zn,25,3,4,9,5,0,3,1,33,14,0,0,0,33,0,4,0,15,4,3,1,1,0,32,2,0,5,6,1,0
Mn,B,13,6,1,5,6,1,1,0,24,2,0,0,0,0,24,3,1,11,1,2,0,3,4,24,0,0,2,0,2,0
Mn,Al,68,21,13,22,27,3,2,3,84,22,0,0,0,4,3,84,2,52,2,9,0,7,0,84,4,0,26,4,1,0
Mn,C,15,9,0,2,8,0,0,0,22,0,0,0,0,0,1,2,22,3,2,4,0,2,3,22,5,0,2,2,0,0
Mn,Si,188,94,45,30,86,22,46,10,246,55,0,3,0,15,11,52,3,246,6,28,0,34,20,244,2,0,8,13,5,0
Mn,Pb,18,3,0,3,4,1,6,5,34,11,0,0,2,4,1,2,2,6,34,5,2,1,3,31,6,0,0,5,3,0
Mn,REE,29,19,1,1,16,1,12,4,40,21,0,1,0,3,2,9,4,28,5,40,4,8,6,40,1,0,2,3,0,0
Mn,U,5,1,0,0,0,0,4,4,6,4,0,0,0,1,0,0,0,0,2,4,6,0,0,6,0,0,2,0,0,0
Mn,F,32,32,12,3,20,12,22,0,42,14,0,0,0,1,3,7,2,34,1,8,0,42,4,42,1,0,7,0,0,0
Mn,Cl,27,14,3,3,14,6,6,0,34,9,0,2,0,0,4,0,3,20,3,6,0,4,34,31,3,0,1,1,0,0
Mn,O,376,142,54,63,154,31,64,28,531,138,3,8,1,32,24,84,22,244,31,40,6,42,31,531,22,0,108,55,13,0
Mn,S,17,5,1,1,3,0,0,0,35,1,0,1,5,2,0,4,5,2,6,1,0,1,3,22,35,0,0,2,5,1
Mn,Se,0,0,0,0,0,0,0,0,0,0,0,0,0,0,0,0,0,0,0,0,0,0,0,0,0,0,0,0,0,0
Mn,P,77,29,5,16,35,4,3,1,108,54,0,0,0,5,2,26,2,8,0,2,2,7,1,108,0,0,108,0,0,0
Mn,As,50,8,0,8,13,0,1,0,57,7,0,2,2,6,0,4,2,13,5,3,0,0,1,55,2,0,0,57,3,0
Mn,Sb,1,1,0,3,2,0,1,0,18,4,0,0,3,1,2,1,0,5,3,0,0,0,0,13,5,0,0,3,18,0
Mn,Bi,0,0,0,0,0,0,0,0,1,0,0,0,0,0,0,0,0,0,0,0,0,0,0,0,1,0,0,0,0,1
Fe,H,657,149,78,114,173,37,72,27,94,657,9,30,1,44,18,156,20,228,43,42,20,34,41,657,108,1,155,86,6,10
Fe,Na,149,222,42,52,91,16,46,4,42,222,0,11,0,4,12,60,7,134,4,20,2,42,25,220,18,0,44,18,1,0
Fe,K,78,42,108,27,27,8,23,2,14,108,1,8,1,3,0,30,1,60,1,0,0,12,13,101,22,0,13,3,1,1
Fe,Mg,114,52,27,178,66,10,31,2,28,178,2,5,0,14,13,74,6,93,3,7,1,21,4,178,12,0,25,9,4,1
Fe,Ca,173,91,27,66,245,12,35,8,52,245,0,8,0,9,13,89,4,143,4,31,5,26,23,245,5,0,54,27,5,1
Fe,Ba,37,16,8,10,12,53,25,2,8,53,1,1,0,0,2,7,3,33,2,4,0,10,7,52,2,0,7,3,0,0
Fe,Ti,72,46,23,31,35,25,137,10,28,137,0,0,0,8,5,22,2,68,8,35,11,24,7,133,2,0,4,6,2,0
Fe,V,27,4,2,2,8,2,10,36,5,36,0,3,0,1,0,6,1,4,7,6,5,2,0,35,0,0,1,1,0,0
Fe,Mn,94,42,14,28,52,8,28,5,139,139,1,2,0,14,2,22,0,55,11,21,4,14,9,138,1,0,54,7,4,0
Fe,Fe,657,222,108,178,245,53,137,36,139,1080,40,107,16,64,38,208,30,343,75,73,28,62,56,920,219,9,198,120,33,22
Fe,Ni,9,0,1,2,0,1,0,0,1,40,40,7,1,0,1,1,3,1,3,0,0,0,4,11,17,0,5,2,1,0
Fe,Cu,30,11,8,5,8,1,0,3,2,107,7,107,6,12,0,8,0,5,16,1,0,0,5,44,66,5,5,27,6,11
Fe,Ag,1,0,1,0,0,0,0,0,0,16,1,6,16,3,0,0,0,0,1,0,0,0,0,1,15,1,0,1,4,1
Fe,Zn,44,4,3,14,9,0,8,1,14,64,0,12,3,64,0,13,1,7,8,4,1,2,0,50,20,1,8,19,3,1
Fe,B,18,12,0,13,13,2,5,0,2,38,1,0,0,0,38,19,0,25,0,6,0,9,5,38,2,0,3,2,1,0
Fe,Al,156,60,30,74,89,7,22,6,22,208,1,8,0,13,19,208,2,123,4,18,1,20,4,206,14,0,39,10,2,0
Fe,C,20,7,1,6,4,3,2,1,0,30,3,0,0,1,0,2,30,8,1,1,0,1,1,25,2,0,2,0,0,0
Fe,Si,228,134,60,93,143,33,68,4,55,343,1,5,0,7,25,123,8,343,9,49,0,49,26,334,3,0,8,8,3,1
Fe,Pb,43,4,1,3,4,2,8,7,11,75,3,16,1,8,0,4,1,9,75,6,5,1,5,57,24,0,9,13,7,8
Fe,REE,42,20,0,7,31,4,35,6,21,73,0,1,0,4,6,18,1,49,6,73,13,14,4,73,0,0,4,5,0,0
Fe,U,20,2,0,1,5,0,11,5,4,28,0,0,0,1,0,1,0,0,5,13,28,2,0,28,5,0,6,3,0,0
Fe,F,34,42,12,21,26,10,24,2,14,62,0,0,0,2,9,20,1,49,1,14,2,62,2,62,0,0,10,4,0,0
Fe,Cl,41,25,13,4,23,7,7,0,9,56,4,5,0,0,5,4,1,26,5,4,0,2,56,50,9,0,0,4,0,1
Fe,O,657,220,101,178,245,52,133,35,138,920,11,44,1,50,38,206,25,334,57,73,28,62,50,920,119,1,189,105,19,12
Fe,S,108,18,22,12,5,2,2,0,1,219,17,66,15,20,2,14,2,3,24,0,5,0,9,119,219,1,7,17,15,11
Fe,Se,1,0,0,0,0,0,0,0,0,9,0,5,1,1,0,0,0,0,0,0,0,0,0,1,1,9,0,3,0,0
Fe,P,155,44,13,25,54,7,4,1,54,198,5,5,0,8,3,39,2,8,9,4,6,10,0,189,7,0,198,1,0,3
Fe,As,86,18,3,9,27,3,6,1,7,120,2,27,1,19,2,10,0,8,13,5,3,4,4,105,17,3,1,120,3,5
Fe,Sb,6,1,1,4,5,0,2,0,4,33,1,6,4,3,1,2,0,3,7,0,0,0,0,19,15,0,0,3,33,6
Fe,Bi,10,0,1,1,1,0,0,0,0,22,0,11,1,1,0,0,0,1,8,0,0,0,1,12,11,0,3,5,6,22
Ni,H,63,2,1,5,5,0,0,3,3,9,63,7,0,2,0,8,13,7,1,0,4,0,5,62,16,1,2,11,2,1
Ni,Na,2,2,0,0,0,0,0,0,0,0,2,0,0,0,0,0,1,0,0,0,0,0,0,2,1,0,0,0,0,0
Ni,K,1,0,2,0,0,0,0,0,0,1,2,1,0,0,0,0,0,0,0,0,0,0,1,1,2,0,0,0,0,0
Ni,Mg,5,0,0,5,1,0,0,0,2,2,5,0,0,0,0,1,0,2,0,0,0,0,0,5,1,0,0,0,0,0
Ni,Ca,5,0,0,1,5,0,0,0,1,0,5,0,0,0,0,0,0,0,0,0,0,0,0,5,0,0,1,3,0,0
Ni,Ba,0,0,0,0,0,1,0,0,0,1,1,1,0,0,0,0,0,0,1,0,0,0,0,0,1,0,0,0,0,0
Ni,Ti,0,0,0,0,0,0,0,0,0,0,0,0,0,0,0,0,0,0,0,0,0,0,0,0,0,0,0,0,0,0
Ni,V,3,0,0,0,0,0,0,3,0,0,3,0,0,2,0,2,0,0,0,0,0,0,0,3,0,0,0,0,0,0
Ni,Mn,3,0,0,2,1,0,0,0,3,1,3,0,0,0,0,0,0,0,0,0,0,0,0,3,0,0,0,0,0,0
Ni,Fe,9,0,1,2,0,1,0,0,1,40,40,7,1,0,1,1,3,1,3,0,0,0,4,11,17,0,5,2,1,0
Ni,Ni,63,2,2,5,5,1,0,3,3,40,156,18,1,2,1,9,16,9,5,0,4,0,7,71,53,10,12,33,10,8
Ni,Cu,7,0,1,0,0,1,0,0,0,7,18,18,0,0,0,2,1,0,2,0,0,0,3,7,11,1,0,1,3,1
Ni,Ag,0,0,0,0,0,0,0,0,0,1,1,0,1,0,0,0,0,0,0,0,0,0,0,0,1,0,0,0,0,0
Ni,Zn,2,0,0,0,0,0,0,2,0,0,2,0,0,2,0,1,0,0,0,0,0,0,0,2,0,0,0,0,0,0
Ni,B,0,0,0,0,0,0,0,0,0,1,1,0,0,0,1,0,0,0,0,0,0,0,0,1,0,0,0,0,0,0
Ni,Al,8,0,0,1,0,0,0,2,0,1,9,2,0,1,0,9,1,2,0,0,0,0,0,8,3,0,0,0,0,0
Ni,C,13,1,0,0,0,0,0,0,0,3,16,1,0,0,0,1,16,0,0,0,0,0,0,13,1,0,0,0,0,0
Ni,Si,7,0,0,2,0,0,0,0,0,1,9,0,0,0,0,2,0,9,0,0,0,0,0,8,0,0,1,0,0,0
Ni,Pb,1,0,0,0,0,1,0,0,0,3,5,2,0,0,0,0,0,0,5,0,0,0,0,1,4,0,0,1,0,1
Ni,REE,0,0,0,0,0,0,0,0,0,0,0,0,0,0,0,0,0,0,0,0,0,0,0,0,0,0,0,0,0,0
Ni,U,4,0,0,0,0,0,0,0,0,0,4,0,0,0,0,0,0,0,0,0,4,0,0,4,1,0,0,3,0,0
Ni,F,0,0,0,0,0,0,0,0,0,0,0,0,0,0,0,0,0,0,0,0,0,0,0,0,0,0,0,0,0,0
Ni,Cl,5,0,1,0,0,0,0,0,0,4,7,3,0,0,0,0,0,0,0,0,0,0,7,5,2,0,0,0,0,0
Ni,O,62,2,1,5,5,0,0,3,3,11,71,7,0,2,1,8,13,8,1,0,4,0,5,71,16,1,2,15,2,2
Ni,S,16,1,2,1,0,1,0,0,0,17,53,11,1,0,0,3,1,0,4,0,1,0,2,16,53,0,0,5,4,6
Ni,Se,1,0,0,0,0,0,0,0,0,0,10,1,0,0,0,0,0,0,0,0,0,0,0,1,0,10,0,1,0,0
Ni,P,2,0,0,0,1,0,0,0,0,5,12,0,0,0,0,0,0,1,0,0,0,0,0,2,0,0,12,0,0,0
Ni,As,11,0,0,0,3,0,0,0,0,2,33,1,0,0,0,0,0,0,1,0,3,0,0,15,5,1,0,33,0,3
Ni,Sb,2,0,0,0,0,0,0,0,0,1,10,3,0,0,0,0,0,0,0,0,0,0,0,2,4,0,0,0,10,1
Ni,Bi,1,0,0,0,0,0,0,0,0,0,8,1,0,0,0,0,0,0,1,0,0,0,0,2,6,0,0,3,1,8
Cu,H,329,17,19,15,49,2,2,10,5,30,7,329,2,27,4,42,31,29,53,10,17,7,58,328,78,8,36,85,7,7
Cu,Na,17,36,8,4,12,0,1,1,0,11,0,36,0,1,0,3,5,3,1,1,0,0,10,35,9,1,3,14,1,0
Cu,K,19,8,45,1,6,1,0,2,0,8,1,45,2,1,0,4,1,6,3,0,0,0,17,40,19,2,0,8,2,1
Cu,Mg,15,4,1,19,3,0,0,0,0,5,0,19,0,1,0,3,2,1,0,0,0,0,3,19,4,0,1,6,0,0
Cu,Ca,49,12,6,3,57,1,0,1,0,8,0,57,0,5,2,7,6,10,4,2,2,0,11,56,9,0,6,25,2,2
Cu,Ba,2,0,1,0,1,6,0,1,0,1,1,6,0,0,0,1,0,4,1,0,0,0,0,5,1,0,0,0,0,0
Cu,Ti,2,1,0,0,0,0,2,0,0,0,0,2,0,0,0,0,0,1,0,0,0,0,0,2,0,0,0,1,1,0
Cu,V,10,1,2,0,1,1,0,28,0,3,0,28,0,0,0,3,0,0,2,0,1,2,4,23,5,0,2,2,1,1
Cu,Mn,5,0,0,0,0,0,0,0,8,2,0,8,0,0,0,0,0,3,0,1,0,0,2,8,1,0,0,2,0,0
Cu,Fe,30,11,8,5,8,1,0,3,2,107,7,107,6,12,0,8,0,5,16,1,0,0,5,44,66,5,5,27,6,11
Cu,Ni,7,0,1,0,0,1,0,0,0,7,18,18,0,0,0,2,1,0,2,0,0,0,3,7,11,1,0,1,3,1
Cu,Cu,329,36,45,19,57,6,2,28,8,107,18,673,50,46,5,50,34,38,125,12,17,7,88,423,278,50,36,146,45,61
Cu,Ag,2,0,2,0,0,0,0,0,0,6,0,50,50,3,0,0,0,0,20,0,0,0,3,4,39,5,0,10,10,12
Cu,Zn,27,1,1,1,5,0,0,0,0,12,0,46,3,46,0,1,3,1,3,0,0,0,7,29,20,2,2,15,0,1
Cu,B,4,0,0,0,2,0,0,0,0,0,0,5,0,0,5,0,1,0,0,0,0,0,1,5,0,0,0,0,0,0
Cu,Al,42,3,4,3,7,1,0,3,0,8,2,50,0,1,0,50,1,6,5,0,0,4,6,47,18,0,7,16,3,0
Cu,C,31,5,1,2,6,0,0,0,0,0,1,34,0,3,1,1,34,2,4,4,3,0,3,34,2,0,0,1,0,0
Cu,Si,29,3,6,1,10,4,1,0,3,5,0,38,0,1,0,6,2,38,7,1,1,0,2,38,4,0,0,3,0,0
Cu,Pb,53,1,3,0,4,1,0,2,0,16,2,125,20,3,0,5,4,7,125,2,1,0,20,64,76,12,4,18,21,40
Cu,REE,10,1,0,0,2,0,0,0,1,1,0,12,0,0,0,0,4,1,2,12,1,0,1,12,0,0,2,5,0,0
Cu,U,17,0,0,0,2,0,0,1,0,0,0,17,0,0,0,0,3,1,1,1,17,0,0,17,2,3,3,2,0,0
Cu,F,7,0,0,0,0,0,0,2,0,0,0,7,0,0,0,4,0,0,0,0,0,7,1,7,0,0,3,0,1,0
Cu,Cl,58,10,17,3,11,0,0,4,2,5,3,88,3,7,1,6,3,2,20,1,0,1,88,83,13,10,2,12,4,3
Cu,O,328,35,40,19,56,5,2,23,8,44,7,423,4,29,5,47,34,38,64,12,17,7,83,423,99,18,36,105,11,10
Cu,S,78,9,19,4,9,1,0,5,1,66,11,278,39,20,0,18,2,4,76,0,2,0,13,99,278,7,2,38,34,47
Cu,Se,8,1,2,0,0,0,0,0,0,5,1,50,5,2,0,0,0,0,12,0,3,0,10,18,7,50,0,3,3,9
Cu,P,36,3,0,1,6,0,0,2,0,5,0,36,0,2,0,7,0,0,4,2,3,3,2,36,2,0,36,1,0,2
Cu,As,85,14,8,6,25,0,1,2,2,27,1,146,10,15,0,16,1,3,18,5,2,0,12,105,38,3,1,146,7,4
Cu,Sb,7,1,2,0,2,0,1,1,0,6,3,45,10,0,0,3,0,0,21,0,0,1,4,11,34,3,0,7,45,7
Cu,Bi,7,0,1,0,2,0,0,1,0,11,1,61,12,1,0,0,0,0,40,0,0,0,3,10,47,9,2,4,7,61
Ag,H,5,0,1,0,1,0,0,0,1,1,0,2,5,1,0,0,0,0,2,0,0,0,2,5,1,0,0,0,1,0
Ag,Na,0,0,0,0,0,0,0,0,0,0,0,0,0,0,0,0,0,0,0,0,0,0,0,0,0,0,0,0,0,0
Ag,K,1,0,2,0,0,0,0,0,0,1,0,2,2,0,0,0,0,0,1,0,0,0,1,1,1,0,0,0,1,0
Ag,Mg,0,0,0,0,0,0,0,0,0,0,0,0,0,0,0,0,0,0,0,0,0,0,0,0,0,0,0,0,0,0
Ag,Ca,1,0,0,0,1,0,0,0,1,0,0,0,1,0,0,0,0,0,0,0,0,0,0,1,0,0,0,0,0,0
Ag,Ba,0,0,0,0,0,0,0,0,0,0,0,0,0,0,0,0,0,0,0,0,0,0,0,0,0,0,0,0,0,0
Ag,Ti,0,0,0,0,0,0,0,0,0,0,0,0,0,0,0,0,0,0,0,0,0,0,0,0,0,0,0,0,0,0
Ag,V,0,0,0,0,0,0,0,1,0,0,0,0,1,0,0,0,0,0,0,0,0,0,0,1,0,0,0,0,0,0
Ag,Mn,1,0,0,0,1,0,0,0,6,0,0,0,6,0,0,0,0,0,2,0,0,0,0,1,5,0,0,2,3,0
Ag,Fe,1,0,1,0,0,0,0,0,0,16,1,6,16,3,0,0,0,0,1,0,0,0,0,1,15,1,0,1,4,1
Ag,Ni,0,0,0,0,0,0,0,0,0,1,1,0,1,0,0,0,0,0,0,0,0,0,0,0,1,0,0,0,0,0
Ag,Cu,2,0,2,0,0,0,0,0,0,6,0,50,50,3,0,0,0,0,20,0,0,0,3,4,39,5,0,10,10,12
Ag,Ag,5,0,2,0,1,0,0,1,6,16,1,50,178,6,0,0,0,0,60,0,0,1,8,8,131,14,0,38,52,33
Ag,Zn,1,0,0,0,0,0,0,0,0,3,0,3,6,6,0,0,0,0,1,0,0,0,1,1,5,0,0,2,1,0
Ag,B,0,0,0,0,0,0,0,0,0,0,0,0,0,0,0,0,0,0,0,0,0,0,0,0,0,0,0,0,0,0
Ag,Al,0,0,0,0,0,0,0,0,0,0,0,0,0,0,0,0,0,0,0,0,0,0,0,0,0,0,0,0,0,0
Ag,C,0,0,0,0,0,0,0,0,0,0,0,0,0,0,0,0,0,0,0,0,0,0,0,0,0,0,0,0,0,0
Ag,Si,0,0,0,0,0,0,0,0,0,0,0,0,0,0,0,0,0,0,0,0,0,0,0,0,0,0,0,0,0,0
Ag,Pb,2,0,1,0,0,0,0,0,2,1,0,20,60,1,0,0,0,0,60,0,0,1,4,4,53,2,0,14,28,24
Ag,REE,0,0,0,0,0,0,0,0,0,0,0,0,0,0,0,0,0,0,0,0,0,0,0,0,0,0,0,0,0,0
Ag,U,0,0,0,0,0,0,0,0,0,0,0,0,0,0,0,0,0,0,0,0,0,0,0,0,0,0,0,0,0,0
Ag,F,0,0,0,0,0,0,0,0,0,0,0,0,1,0,0,0,0,0,1,0,0,1,1,0,0,0,0,0,0,0
Ag,Cl,2,0,1,0,0,0,0,0,0,0,0,3,8,1,0,0,0,0,4,0,0,1,8,3,4,0,0,0,1,0
Ag,O,5,0,1,0,1,0,0,1,1,1,0,4,8,1,0,0,0,0,4,0,0,0,3,8,3,0,0,0,3,0
Ag,S,1,0,1,0,0,0,0,0,5,15,1,39,131,5,0,0,0,0,53,0,0,0,4,3,131,5,0,36,48,30
Ag,Se,0,0,0,0,0,0,0,0,0,1,0,5,14,0,0,0,0,0,2,0,0,0,0,0,5,14,0,0,2,3
Ag,P,0,0,0,0,0,0,0,0,0,0,0,0,0,0,0,0,0,0,0,0,0,0,0,0,0,0,0,0,0,0
Ag,As,0,0,0,0,0,0,0,0,2,1,0,10,38,2,0,0,0,0,14,0,0,0,0,0,36,0,0,38,12,0
Ag,Sb,1,0,1,0,0,0,0,0,3,4,0,10,52,1,0,0,0,0,28,0,0,0,1,3,48,2,0,12,52,5
Ag,Bi,0,0,0,0,0,0,0,0,0,1,0,12,33,0,0,0,0,0,24,0,0,0,0,0,30,3,0,0,5,33
Zn,H,179,12,9,20,28,1,15,6,25,44,2,27,1,179,0,31,11,32,17,4,4,3,9,179,36,0,24,51,3,0
Zn,Na,12,17,4,1,0,0,5,0,3,4,0,1,0,17,0,3,0,10,1,4,0,3,1,16,4,0,0,1,0,0
Zn,K,9,4,19,2,2,0,3,0,4,3,0,1,0,19,1,6,0,12,1,0,0,0,5,17,1,1,0,2,0,0
Zn,Mg,20,1,2,22,4,0,3,0,9,14,0,1,0,22,0,11,1,6,0,0,0,0,0,22,2,0,2,4,1,0
Zn,Ca,28,0,2,4,35,0,0,0,5,9,0,5,0,35,0,2,3,10,2,0,1,0,0,35,3,0,9,10,0,0
Zn,Ba,1,0,0,0,0,1,1,0,0,0,0,0,0,1,0,0,0,1,0,0,0,0,0,1,0,0,0,0,0,0
Zn,Ti,15,5,3,3,0,1,16,1,3,8,0,0,0,16,0,4,0,7,3,4,1,3,0,16,0,0,0,0,0,0
Zn,V,6,0,0,0,0,0,1,7,1,1,2,0,0,7,0,2,0,1,3,1,1,0,0,7,0,0,0,0,0,0
Zn,Mn,25,3,4,9,5,0,3,1,33,14,0,0,0,33,0,4,0,15,4,3,1,1,0,32,2,0,5,6,1,0
Zn,Fe,44,4,3,14,9,0,8,1,14,64,0,12,3,64,0,13,1,7,8,4,1,2,0,50,20,1,8,19,3,1
Zn,Ni,2,0,0,0,0,0,0,2,0,0,2,0,0,2,0,1,0,0,0,0,0,0,0,2,0,0,0,0,0,0
Zn,Cu,27,1,1,1,5,0,0,0,0,12,0,46,3,46,0,1,3,1,3,0,0,0,7,29,20,2,2,15,0,1
Zn,Ag,1,0,0,0,0,0,0,0,0,3,0,3,6,6,0,0,0,0,1,0,0,0,1,1,5,0,0,2,1,0
Zn,Zn,179,17,19,22,35,1,16,7,33,64,2,46,6,254,1,36,13,50,26,6,4,4,14,224,61,5,26,64,7,1
Zn,B,0,0,1,0,0,0,0,0,0,0,0,0,0,1,1,0,0,0,0,0,0,0,1,1,0,0,0,0,0,0
Zn,Al,31,3,6,11,2,0,4,2,4,13,1,1,0,36,0,36,1,12,0,0,0,0,0,35,7,0,3,3,1,0
Zn,C,11,0,0,1,3,0,0,0,0,1,0,3,0,13,0,1,13,0,0,0,1,0,0,13,1,0,1,0,0,0
Zn,Si,32,10,12,6,10,1,7,1,15,7,0,1,0,50,0,12,0,50,5,2,0,2,0,50,4,0,1,6,1,0
Zn,Pb,17,1,1,0,2,0,3,3,4,8,0,3,1,26,0,0,0,5,26,3,1,2,2,26,4,1,1,10,1,0
Zn,REE,4,4,0,0,0,0,4,1,3,4,0,0,0,6,0,0,0,2,3,6,1,2,0,6,0,0,0,0,0,0
Zn,U,4,0,0,0,1,0,1,1,1,1,0,0,0,4,0,0,1,0,1,1,4,0,0,4,1,0,0,1,0,0
Zn,F,3,3,0,0,0,0,3,0,1,2,0,0,0,4,0,0,0,2,2,2,0,4,0,4,0,0,0,0,0,0
Zn,Cl,9,1,5,0,0,0,0,0,0,0,0,7,1,14,1,0,0,0,2,0,0,0,14,12,1,2,0,1,0,0
Zn,O,179,16,17,22,35,1,16,7,32,50,2,29,1,224,1,35,13,50,26,6,4,4,12,224,40,3,26,58,6,0
Zn,S,36,4,1,2,3,0,0,0,2,20,0,20,5,61,0,7,1,4,4,0,1,0,1,40,61,0,1,6,2,1
Zn,Se,0,0,1,0,0,0,0,0,0,1,0,2,0,5,0,0,0,0,1,0,0,0,2,3,0,5,0,1,0,0
Zn,P,24,0,0,2,9,0,0,0,5,8,0,2,0,26,0,3,1,1,1,0,0,0,0,26,1,0,26,1,0,0
Zn,As,51,1,2,4,10,0,0,0,6,19,0,15,2,64,0,3,0,6,10,0,1,0,1,58,6,1,1,64,2,0
Zn,Sb,3,0,0,1,0,0,0,0,1,3,0,0,1,7,0,1,0,1,1,0,0,0,0,6,2,0,0,2,7,0
Zn,Bi,0,0,0,0,0,0,0,0,0,1,0,1,0,1,0,0,0,0,0,0,0,0,0,0,1,0,0,0,0,1
B,H,189,52,10,59,88,7,6,4,13,18,0,4,0,0,189,50,11,77,4,14,0,16,28,188,8,0,4,2,0,0
B,Na,52,65,7,15,17,4,3,3,6,12,0,0,0,0,65,20,1,43,0,7,0,15,4,63,3,0,3,2,0,0
B,K,10,7,18,3,5,2,1,0,1,0,0,0,0,1,18,6,0,9,1,1,0,4,4,16,1,0,0,0,0,0
B,Mg,59,15,3,82,19,1,3,3,5,13,0,0,0,0,82,29,6,30,1,0,0,8,9,82,1,0,1,1,2,0
B,Ca,88,17,5,19,111,5,4,0,6,13,0,2,0,0,111,26,7,45,2,16,0,13,16,111,7,0,4,4,0,0
B,Ba,7,4,2,1,5,14,6,1,1,2,0,0,0,0,14,0,0,14,1,4,0,5,3,14,0,0,1,0,0,0
B,Ti,6,3,1,3,4,6,11,1,1,5,0,0,0,0,11,2,0,9,0,3,0,3,3,11,0,0,2,0,0,0
B,V,4,3,0,3,0,1,1,4,0,0,0,0,0,0,4,1,0,4,0,0,0,0,1,4,0,0,0,0,0,0
B,Mn,13,6,1,5,6,1,1,0,24,2,0,0,0,0,24,3,1,11,1,2,0,3,4,24,0,0,2,0,2,0
B,Fe,18,12,0,13,13,2,5,0,2,38,1,0,0,0,38,19,0,25,0,6,0,9,5,38,2,0,3,2,1,0
B,Ni,0,0,0,0,0,0,0,0,0,1,1,0,0,0,1,0,0,0,0,0,0,0,0,1,0,0,0,0,0,0
B,Cu,4,0,0,0,2,0,0,0,0,0,0,5,0,0,5,0,1,0,0,0,0,0,1,5,0,0,0,0,0,0
B,Ag,0,0,0,0,0,0,0,0,0,0,0,0,0,0,0,0,0,0,0,0,0,0,0,0,0,0,0,0,0,0
B,Zn,0,0,1,0,0,0,0,0,0,0,0,0,0,1,1,0,0,0,0,0,0,0,1,1,0,0,0,0,0,0
B,B,189,65,18,82,111,14,11,4,24,38,1,5,0,1,276,76,12,115,6,25,0,32,35,271,8,0,6,5,3,0
B,Al,50,20,6,29,26,0,2,1,3,19,0,0,0,0,76,76,3,59,0,7,0,11,4,76,2,0,0,2,1,0
B,C,11,1,0,6,7,0,0,0,1,0,0,1,0,0,12,3,12,3,2,1,0,1,2,12,0,0,0,0,0,0
B,Si,77,43,9,30,45,14,9,4,11,25,0,0,0,0,115,59,3,115,3,22,0,25,8,114,2,0,4,2,0,0
B,Pb,4,0,1,1,2,1,0,0,1,0,0,0,0,0,6,0,2,3,6,1,0,3,3,6,0,0,0,0,0,0
B,REE,14,7,1,0,16,4,3,0,2,6,0,0,0,0,25,7,1,22,1,25,0,10,0,25,0,0,4,2,0,0
B,U,0,0,0,0,0,0,0,0,0,0,0,0,0,0,0,0,0,0,0,0,0,0,0,0,0,0,0,0,0,0
B,F,16,15,4,8,13,5,3,0,3,9,0,0,0,0,32,11,1,25,3,10,0,32,1,28,2,0,4,2,0,0
B,Cl,28,4,4,9,16,3,3,1,4,5,0,1,0,1,35,4,2,8,3,0,0,1,35,35,2,0,0,0,0,0
B,O,188,63,16,82,111,14,11,4,24,38,1,5,0,1,271,76,12,114,6,25,0,28,35,271,8,0,6,5,3,0
B,S,8,3,1,1,7,0,0,0,0,2,0,0,0,0,8,2,0,2,0,0,0,2,2,8,8,0,0,0,0,0
B,Se,0,0,0,0,0,0,0,0,0,0,0,0,0,0,0,0,0,0,0,0,0,0,0,0,0,0,0,0,0,0
B,P,4,3,0,1,4,1,2,0,2,3,0,0,0,0,6,0,0,4,0,4,0,4,0,6,0,0,6,0,0,0
B,As,2,2,0,1,4,0,0,0,0,2,0,0,0,0,5,2,0,2,0,2,0,2,0,5,0,0,0,5,0,0
B,Sb,0,0,0,2,0,0,0,0,2,1,0,0,0,0,3,1,0,0,0,0,0,0,0,3,0,0,0,0,3,0
B,Bi,0,0,0,0,0,0,0,0,0,0,0,0,0,0,0,0,0,0,0,0,0,0,0,0,0,0,0,0,0,0
Al,H,792,199,107,173,277,42,19,30,68,156,8,42,0,31,50,792,53,414,28,49,18,78,37,792,128,1,155,44,5,1
Al,Na,199,274,59,72,129,13,6,3,21,60,0,3,0,3,20,274,18,199,2,2,1,48,26,265,36,0,36,7,0,0
Al,K,107,59,148,30,63,11,6,1,13,30,0,4,0,6,6,148,5,121,1,0,0,16,15,147,23,0,9,3,0,0
Al,Mg,173,72,30,235,94,9,21,5,22,74,1,3,0,11,29,235,11,154,0,9,0,37,8,232,17,0,22,6,2,0
Al,Ca,277,129,63,94,371,15,15,7,27,89,0,7,0,2,26,371,21,272,7,34,0,57,30,364,41,0,42,9,2,0
Al,Ba,42,13,11,9,15,51,4,2,3,7,0,1,0,0,0,51,6,32,0,0,0,6,3,49,3,0,10,3,0,0
Al,Ti,19,6,6,21,15,4,40,1,2,22,0,0,0,4,2,40,0,23,0,7,0,3,1,40,0,0,2,2,0,0
Al,V,30,3,1,5,7,2,1,33,3,6,2,3,0,2,1,33,1,12,1,2,2,3,0,33,1,0,4,1,0,0
Al,Mn,68,21,13,22,27,3,2,3,84,22,0,0,0,4,3,84,2,52,2,9,0,7,0,84,4,0,26,4,1,0
Al,Fe,156,60,30,74,89,7,22,6,22,208,1,8,0,13,19,208,2,123,4,18,1,20,4,206,14,0,39,10,2,0
Al,Ni,8,0,0,1,0,0,0,2,0,1,9,2,0,1,0,9,1,2,0,0,0,0,0,8,3,0,0,0,0,0
Al,Cu,42,3,4,3,7,1,0,3,0,8,2,50,0,1,0,50,1,6,5,0,0,4,6,47,18,0,7,16,3,0
Al,Ag,0,0,0,0,0,0,0,0,0,0,0,0,0,0,0,0,0,0,0,0,0,0,0,0,0,0,0,0,0,0
Al,Zn,31,3,6,11,2,0,4,2,4,13,1,1,0,36,0,36,1,12,0,0,0,0,0,35,7,0,3,3,1,0
Al,B,50,20,6,29,26,0,2,1,3,19,0,0,0,0,76,76,3,59,0,7,0,11,4,76,2,0,0,2,1,0
Al,Al,792,274,148,235,371,51,40,33,84,208,9,50,0,36,76,1033,58,565,30,58,18,134,57,1012,142,1,170,52,9,1
Al,C,53,18,5,11,21,6,0,1,2,2,1,1,0,1,3,58,58,22,4,4,0,4,9,58,11,0,6,0,0,0
Al,Si,414,199,121,154,272,32,23,12,52,123,2,6,0,12,59,565,22,565,10,41,0,56,34,565,33,0,8,7,2,0
Al,Pb,28,2,1,0,7,0,0,1,2,4,0,5,0,0,0,30,4,10,30,0,1,3,3,29,8,0,7,3,1,0
Al,REE,49,2,0,9,34,0,7,2,9,18,0,0,0,0,7,58,4,41,0,58,0,12,0,58,5,0,6,4,0,0
Al,U,18,1,0,0,0,0,0,2,0,1,0,0,0,0,0,18,0,0,1,0,18,3,0,18,2,0,13,2,0,0
Al,F,78,48,16,37,57,6,3,3,7,20,0,4,0,0,11,134,4,56,3,12,3,134,4,119,15,0,24,5,0,0
Al,Cl,37,26,15,8,30,3,1,0,0,4,0,6,0,0,4,57,9,34,3,0,0,4,57,57,19,0,1,2,1,0
Al,O,792,265,147,232,364,49,40,33,84,206,8,47,0,35,76,1012,58,565,29,58,18,119,57,1012,142,1,170,52,9,1
Al,S,128,36,23,17,41,3,0,1,4,14,3,18,0,7,2,142,11,33,8,5,2,15,19,142,142,0,11,5,2,0
Al,Se,1,0,0,0,0,0,0,0,0,0,0,0,0,0,0,1,0,0,0,0,0,0,0,1,0,1,0,0,0,0
Al,P,155,36,9,22,42,10,2,4,26,39,0,7,0,3,0,170,6,8,7,6,13,24,1,170,11,0,170,0,0,1
Al,As,44,7,3,6,9,3,2,1,4,10,0,16,0,3,2,52,0,7,3,4,2,5,2,52,5,0,0,52,0,0
Al,Sb,5,0,0,2,2,0,0,0,1,2,0,3,0,1,1,9,0,2,1,0,0,0,1,9,2,0,0,0,9,0
Al,Bi,1,0,0,0,0,0,0,0,0,0,0,0,0,0,0,1,0,0,0,0,0,0,0,1,0,0,1,0,0,1
C,H,285,60,12,48,90,12,2,1,15,20,13,31,0,11,11,53,285,45,23,50,29,13,23,274,31,0,16,3,0,0
C,Na,60,103,10,10,42,9,4,0,9,7,1,5,0,0,1,18,103,23,1,32,6,16,11,103,16,0,13,1,0,0
C,K,12,10,19,1,11,1,0,0,0,1,0,1,0,0,0,5,19,7,0,2,3,1,4,19,4,0,0,0,0,0
C,Mg,48,10,1,58,15,3,0,0,2,6,0,2,0,1,6,11,58,5,3,1,4,2,5,58,6,0,8,0,0,0
C,Ca,90,42,11,15,135,12,0,1,8,4,0,6,0,3,7,21,135,32,2,34,18,19,13,135,14,0,7,2,0,2
C,Ba,12,9,1,3,12,29,1,1,0,3,0,0,0,0,0,6,29,6,0,12,1,11,3,29,1,0,2,0,0,0
C,Ti,2,4,0,0,0,1,6,1,0,2,0,0,0,0,0,0,6,4,0,3,0,1,0,5,0,0,0,0,0,0
C,V,1,0,0,0,1,1,1,2,0,1,0,0,0,0,0,1,2,1,0,0,0,1,0,1,0,0,0,0,0,0
C,Mn,15,9,0,2,8,0,0,0,22,0,0,0,0,0,1,2,22,3,2,4,0,2,3,22,5,0,2,2,0,0
C,Fe,20,7,1,6,4,3,2,1,0,30,3,0,0,1,0,2,30,8,1,1,0,1,1,25,2,0,2,0,0,0
C,Ni,13,1,0,0,0,0,0,0,0,3,16,1,0,0,0,1,16,0,0,0,0,0,0,13,1,0,0,0,0,0
C,Cu,31,5,1,2,6,0,0,0,0,0,1,34,0,3,1,1,34,2,4,4,3,0,3,34,2,0,0,1,0,0
C,Ag,0,0,0,0,0,0,0,0,0,0,0,0,0,0,0,0,0,0,0,0,0,0,0,0,0,0,0,0,0,0
C,Zn,11,0,0,1,3,0,0,0,0,1,0,3,0,13,0,1,13,0,0,0,1,0,0,13,1,0,1,0,0,0
C,B,11,1,0,6,7,0,0,0,1,0,0,1,0,0,12,3,12,3,2,1,0,1,2,12,0,0,0,0,0,0
C,Al,53,18,5,11,21,6,0,1,2,2,1,1,0,1,3,58,58,22,4,4,0,4,9,58,11,0,6,0,0,0
C,C,285,103,19,58,135,29,6,2,22,30,16,34,0,13,12,58,406,58,28,86,32,39,31,381,41,0,22,3,0,3
C,Si,45,23,7,5,32,6,4,1,3,8,0,2,0,0,3,22,58,58,6,13,1,4,10,57,10,0,4,0,0,0
C,Pb,23,1,0,3,2,0,0,0,2,1,0,4,0,0,2,4,28,6,28,2,1,1,6,28,8,0,0,0,0,0
C,REE,50,32,2,1,34,12,3,0,4,1,0,4,0,0,1,4,86,13,2,86,6,25,3,86,6,0,5,0,0,0
C,U,29,6,3,4,18,1,0,0,0,0,0,3,0,1,0,0,32,1,1,6,32,2,0,32,2,0,0,0,0,0
C,F,13,16,1,2,19,11,1,1,2,1,0,0,0,0,1,4,39,4,1,25,2,39,2,39,3,0,2,0,0,1
C,Cl,23,11,4,5,13,3,0,0,3,1,0,3,0,0,2,9,31,10,6,3,0,2,31,31,9,0,1,0,0,0
C,O,274,103,19,58,135,29,5,1,22,25,13,34,0,13,12,58,381,57,28,86,32,39,31,381,41,0,22,3,0,3
C,S,31,16,4,6,14,1,0,0,5,2,1,2,0,1,0,11,41,10,8,6,2,3,9,41,41,0,1,0,0,0
C,Se,0,0,0,0,0,0,0,0,0,0,0,0,0,0,0,0,0,0,0,0,0,0,0,0,0,0,0,0,0,0
C,P,16,13,0,8,7,2,0,0,2,2,0,0,0,1,0,6,22,4,0,5,0,2,1,22,1,0,22,0,0,0
C,As,3,1,0,0,2,0,0,0,2,0,0,1,0,0,0,0,3,0,0,0,0,0,0,3,0,0,0,3,0,0
C,Sb,0,0,0,0,0,0,0,0,0,0,0,0,0,0,0,0,0,0,0,0,0,0,0,0,0,0,0,0,0,0
C,Bi,0,0,0,0,2,0,0,0,0,0,0,0,0,0,0,0,3,0,0,0,0,1,0,3,0,0,0,0,0,3
Si,H,963,385,193,183,422,88,135,24,188,228,7,29,0,32,77,414,45,963,27,95,19,90,56,961,35,0,17,16,2,1
Si,Na,385,550,146,104,225,49,141,7,94,134,0,3,0,10,43,199,23,550,0,55,3,112,44,547,28,0,21,4,0,0
Si,K,193,146,280,52,113,27,64,3,45,60,0,6,0,12,9,121,7,280,1,11,3,50,18,276,15,0,2,1,0,0
Si,Mg,183,104,52,276,108,12,24,5,30,93,2,1,0,6,30,154,5,276,3,13,3,48,7,276,1,0,3,4,1,0
Si,Ca,422,225,113,108,618,31,71,12,86,143,0,10,0,10,45,272,32,618,14,78,7,106,55,618,40,0,22,4,1,0
Si,Ba,88,49,27,12,31,134,57,9,22,33,0,4,0,1,14,32,6,134,2,11,1,29,15,134,4,0,7,0,0,0
Si,Ti,135,141,64,24,71,57,216,2,46,68,0,1,0,7,9,23,4,216,0,38,0,57,12,215,1,0,13,2,0,0
Si,V,24,7,3,5,12,9,2,38,10,4,0,0,0,1,4,12,1,38,1,2,0,2,2,38,0,0,0,1,0,0
Si,Mn,188,94,45,30,86,22,46,10,246,55,0,3,0,15,11,52,3,246,6,28,0,34,20,244,2,0,8,13,5,0
Si,Fe,228,134,60,93,143,33,68,4,55,343,1,5,0,7,25,123,8,343,9,49,0,49,26,334,3,0,8,8,3,1
Si,Ni,7,0,0,2,0,0,0,0,0,1,9,0,0,0,0,2,0,9,0,0,0,0,0,8,0,0,1,0,0,0
Si,Cu,29,3,6,1,10,4,1,0,3,5,0,38,0,1,0,6,2,38,7,1,1,0,2,38,4,0,0,3,0,0
Si,Ag,0,0,0,0,0,0,0,0,0,0,0,0,0,0,0,0,0,0,0,0,0,0,0,0,0,0,0,0,0,0
Si,Zn,32,10,12,6,10,1,7,1,15,7,0,1,0,50,0,12,0,50,5,2,0,2,0,50,4,0,1,6,1,0
Si,B,77,43,9,30,45,14,9,4,11,25,0,0,0,0,115,59,3,115,3,22,0,25,8,114,2,0,4,2,0,0
Si,Al,414,199,121,154,272,32,23,12,52,123,2,6,0,12,59,565,22,565,10,41,0,56,34,565,33,0,8,7,2,0
Si,C,45,23,7,5,32,6,4,1,3,8,0,2,0,0,3,22,58,58,6,13,1,4,10,57,10,0,4,0,0,0
Si,Si,963,550,280,276,618,134,216,38,246,343,9,38,0,50,115,565,58,1475,44,153,21,196,84,1453,56,0,37,22,7,3
Si,Pb,27,0,1,3,14,2,0,1,6,9,0,7,0,5,3,10,6,44,44,1,1,4,8,44,7,0,0,1,0,0
Si,REE,95,55,11,13,78,11,38,2,28,49,0,1,0,2,22,41,13,153,1,153,1,40,5,153,1,0,10,3,0,0
Si,U,19,3,3,3,7,1,0,0,0,0,0,1,0,0,0,0,1,21,1,1,21,0,0,21,0,0,0,0,0,0
Si,F,90,112,50,48,106,29,57,2,34,49,0,0,0,2,25,56,4,196,4,40,0,196,8,189,3,0,14,2,0,0
Si,Cl,56,44,18,7,55,15,12,2,20,26,0,2,0,0,8,34,10,84,8,5,0,8,84,84,14,0,1,1,0,0
Si,O,961,547,276,276,618,134,215,38,244,334,8,38,0,50,114,565,57,1453,44,153,21,189,84,1453,56,0,36,22,7,3
Si,S,35,28,15,1,40,4,1,0,2,3,0,4,0,4,2,33,10,56,7,1,0,3,14,56,56,0,1,1,0,0
Si,Se,0,0,0,0,0,0,0,0,0,0,0,0,0,0,0,0,0,0,0,0,0,0,0,0,0,0,0,0,0,0
Si,P,17,21,2,3,22,7,13,0,8,8,1,0,0,1,4,8,4,37,0,10,0,14,1,36,1,0,37,0,0,0
Si,As,16,4,1,4,4,0,2,1,13,8,0,3,0,6,2,7,0,22,1,3,0,2,1,22,1,0,0,22,1,0
Si,Sb,2,0,0,1,1,0,0,0,5,3,0,0,0,1,0,2,0,7,0,0,0,0,0,7,0,0,0,1,7,0
Si,Bi,1,0,0,0,0,0,0,0,0,1,0,0,0,0,0,0,0,3,0,0,0,0,0,3,0,0,0,0,0,3
Pb,H,200,6,4,7,14,2,4,14,18,43,1,53,2,17,4,28,23,27,200,6,26,6,39,199,40,5,25,41,4,5
Pb,Na,6,12,4,0,5,1,3,0,3,4,0,1,0,1,0,2,1,0,12,3,3,2,3,12,2,0,1,3,0,0
Pb,K,4,4,11,0,2,2,1,0,0,1,0,3,1,1,1,1,0,1,11,1,1,1,5,8,3,1,0,1,1,0
Pb,Mg,7,0,0,8,1,0,0,0,3,3,0,0,0,0,1,0,3,3,8,0,1,1,2,8,1,0,0,1,0,0
Pb,Ca,14,5,2,1,28,3,0,0,4,4,0,4,0,2,2,7,2,14,28,3,2,5,5,27,2,0,4,3,1,0
Pb,Ba,2,1,2,0,3,4,0,0,1,2,1,1,0,0,1,0,0,2,4,1,1,1,1,3,1,0,0,0,0,0
Pb,Ti,4,3,1,0,0,0,10,2,6,8,0,0,0,3,0,0,0,0,10,6,4,1,0,10,0,0,0,1,0,0
Pb,V,14,0,0,0,0,0,2,22,5,7,0,2,0,3,0,1,0,1,22,1,2,0,4,22,0,0,2,1,0,1
Pb,Mn,18,3,0,3,4,1,6,5,34,11,0,0,2,4,1,2,2,6,34,5,2,1,3,31,6,0,0,5,3,0
Pb,Fe,43,4,1,3,4,2,8,7,11,75,3,16,1,8,0,4,1,9,75,6,5,1,5,57,24,0,9,13,7,8
Pb,Ni,1,0,0,0,0,1,0,0,0,3,5,2,0,0,0,0,0,0,5,0,0,0,0,1,4,0,0,1,0,1
Pb,Cu,53,1,3,0,4,1,0,2,0,16,2,125,20,3,0,5,4,7,125,2,1,0,20,64,76,12,4,18,21,40
Pb,Ag,2,0,1,0,0,0,0,0,2,1,0,20,60,1,0,0,0,0,60,0,0,1,4,4,53,2,0,14,28,24
Pb,Zn,17,1,1,0,2,0,3,3,4,8,0,3,1,26,0,0,0,5,26,3,1,2,2,26,4,1,1,10,1,0
Pb,B,4,0,1,1,2,1,0,0,1,0,0,0,0,0,6,0,2,3,6,1,0,3,3,6,0,0,0,0,0,0
Pb,Al,28,2,1,0,7,0,0,1,2,4,0,5,0,0,0,30,4,10,30,0,1,3,3,29,8,0,7,3,1,0
Pb,C,23,1,0,3,2,0,0,0,2,1,0,4,0,0,2,4,28,6,28,2,1,1,6,28,8,0,0,0,0,0
Pb,Si,27,0,1,3,14,2,0,1,6,9,0,7,0,5,3,10,6,44,44,1,1,4,8,44,7,0,0,1,0,0
Pb,Pb,200,12,11,8,28,4,10,22,34,75,5,125,60,26,6,30,28,44,520,11,31,19,90,314,231,24,29,105,89,86
Pb,REE,6,3,1,0,3,1,6,1,5,6,0,2,0,3,1,0,2,1,11,11,4,3,0,11,0,0,0,1,0,0
Pb,U,26,3,1,1,2,1,4,2,2,5,0,1,0,1,0,1,1,1,31,4,31,1,0,31,0,1,7,3,0,2
Pb,F,6,2,1,1,5,1,1,0,1,1,0,0,1,2,3,3,1,4,19,3,1,19,6,14,2,0,1,0,0,0
Pb,Cl,39,3,5,2,5,1,0,4,3,5,0,20,4,2,3,3,6,8,90,0,0,6,90,75,17,4,2,16,9,3
Pb,O,199,12,8,8,27,3,10,22,31,57,1,64,4,26,6,29,28,44,314,11,31,14,75,314,59,11,29,55,16,6
Pb,S,40,2,3,1,2,1,0,0,6,24,4,76,53,4,0,8,8,7,231,0,0,2,17,59,231,10,3,54,80,72
Pb,Se,5,0,1,0,0,0,0,0,0,0,0,12,2,1,0,0,0,0,24,0,1,0,4,11,10,24,0,0,0,13
Pb,P,25,1,0,0,4,0,0,2,0,9,0,4,0,1,0,7,0,0,29,0,7,1,2,29,3,0,29,0,0,2
Pb,As,41,3,1,1,3,0,1,1,5,13,1,18,14,10,0,3,0,1,105,1,3,0,16,55,54,0,0,105,26,5
Pb,Sb,4,0,1,0,1,0,0,0,3,7,0,21,28,1,0,1,0,0,89,0,0,0,9,16,80,0,0,26,89,11
Pb,Bi,5,0,0,0,0,0,0,1,0,8,1,40,24,0,0,0,0,0,86,0,2,0,3,6,72,13,2,5,11,86
REE,H,195,52,8,8,84,11,44,7,29,42,0,10,0,4,14,49,50,95,6,195,19,35,7,195,8,0,24,12,0,0
REE,Na,52,101,7,1,52,16,26,0,19,20,0,1,0,4,7,2,32,55,3,101,3,41,8,97,3,0,18,2,0,0
REE,K,8,7,12,0,8,3,1,0,1,0,0,0,0,0,1,0,2,11,1,12,0,3,0,12,0,0,0,0,0,0
REE,Mg,8,1,0,18,14,0,6,0,1,7,0,0,0,0,0,9,1,13,0,18,0,5,0,18,0,0,1,0,0,0
REE,Ca,84,52,8,14,136,8,28,1,16,31,0,2,0,0,16,34,34,78,3,136,8,46,5,133,3,0,15,5,0,0
REE,Ba,11,16,3,0,8,25,8,0,1,4,0,0,0,0,4,0,12,11,1,25,1,15,2,25,1,0,3,0,0,0
REE,Ti,44,26,1,6,28,8,73,5,12,35,0,0,0,4,3,7,3,38,6,73,13,16,1,73,0,0,3,2,0,0
REE,V,7,0,0,0,1,0,5,11,4,6,0,0,0,1,0,2,0,2,1,11,5,2,0,11,0,0,0,0,0,0
REE,Mn,29,19,1,1,16,1,12,4,40,21,0,1,0,3,2,9,4,28,5,40,4,8,6,40,1,0,2,3,0,0
REE,Fe,42,20,0,7,31,4,35,6,21,73,0,1,0,4,6,18,1,49,6,73,13,14,4,73,0,0,4,5,0,0
REE,Ni,0,0,0,0,0,0,0,0,0,0,0,0,0,0,0,0,0,0,0,0,0,0,0,0,0,0,0,0,0,0
REE,Cu,10,1,0,0,2,0,0,0,1,1,0,12,0,0,0,0,4,1,2,12,1,0,1,12,0,0,2,5,0,0
REE,Ag,0,0,0,0,0,0,0,0,0,0,0,0,0,0,0,0,0,0,0,0,0,0,0,0,0,0,0,0,0,0
REE,Zn,4,4,0,0,0,0,4,1,3,4,0,0,0,6,0,0,0,2,3,6,1,2,0,6,0,0,0,0,0,0
REE,B,14,7,1,0,16,4,3,0,2,6,0,0,0,0,25,7,1,22,1,25,0,10,0,25,0,0,4,2,0,0
REE,Al,49,2,0,9,34,0,7,2,9,18,0,0,0,0,7,58,4,41,0,58,0,12,0,58,5,0,6,4,0,0
REE,C,50,32,2,1,34,12,3,0,4,1,0,4,0,0,1,4,86,13,2,86,6,25,3,86,6,0,5,0,0,0
REE,Si,95,55,11,13,78,11,38,2,28,49,0,1,0,2,22,41,13,153,1,153,1,40,5,153,1,0,10,3,0,0
REE,Pb,6,3,1,0,3,1,6,1,5,6,0,2,0,3,1,0,2,1,11,11,4,3,0,11,0,0,0,1,0,0
REE,REE,195,101,12,18,136,25,73,11,40,73,0,12,0,6,25,58,86,153,11,342,27,87,9,334,10,0,44,18,0,0
REE,U,19,3,0,0,8,1,13,5,4,13,0,1,0,1,0,0,6,1,4,27,27,3,0,27,1,0,3,1,0,0
REE,F,35,41,3,5,46,15,16,2,8,14,0,0,0,2,10,12,25,40,3,87,3,87,4,80,5,0,12,2,0,0
REE,Cl,7,8,0,0,5,2,1,0,6,4,0,1,0,0,0,0,3,5,0,9,0,4,9,9,2,0,1,0,0,0
REE,O,195,97,12,18,133,25,73,11,40,73,0,12,0,6,25,58,86,153,11,334,27,80,9,334,10,0,44,18,0,0
REE,S,8,3,0,0,3,1,0,0,1,0,0,0,0,0,0,5,6,1,0,10,1,5,2,10,10,0,1,0,0,0
REE,Se,0,0,0,0,0,0,0,0,0,0,0,0,0,0,0,0,0,0,0,0,0,0,0,0,0,0,0,0,0,0
REE,P,24,18,0,1,15,3,3,0,2,4,0,2,0,0,4,6,5,10,0,44,3,12,1,44,1,0,44,0,0,0
REE,As,12,2,0,0,5,0,2,0,3,5,0,5,0,0,2,4,0,3,1,18,1,2,0,18,0,0,0,18,0,0
REE,Sb,0,0,0,0,0,0,0,0,0,0,0,0,0,0,0,0,0,0,0,0,0,0,0,0,0,0,0,0,0,0
REE,Bi,0,0,0,0,0,0,0,0,0,0,0,0,0,0,0,0,0,0,0,0,0,0,0,0,0,0,0,0,0,0
U,H,235,26,19,19,52,14,13,19,5,20,4,17,0,4,0,18,29,19,26,19,235,7,1,235,35,7,52,34,0,6
U,Na,26,31,4,1,11,3,2,1,1,2,0,0,0,0,0,1,6,3,3,3,31,3,1,31,11,1,2,1,0,0
U,K,19,4,21,1,7,1,0,2,0,0,0,0,0,0,0,0,3,3,1,0,21,0,0,21,5,0,3,2,0,0
U,Mg,19,1,1,19,3,0,0,0,0,1,0,0,0,0,0,0,4,3,1,0,19,1,0,19,4,0,2,4,0,0
U,Ca,52,11,7,3,60,4,6,3,0,5,0,2,0,1,0,0,18,7,2,8,60,4,0,60,3,1,10,4,0,0
U,Ba,14,3,1,0,4,14,0,1,0,0,0,0,0,0,0,0,1,1,1,1,14,0,0,14,0,1,3,2,0,0
U,Ti,13,2,0,0,6,0,19,5,4,11,0,0,0,1,0,0,0,0,4,13,19,2,0,19,0,0,0,1,0,0
U,V,19,1,2,0,3,1,5,19,4,5,0,1,0,1,0,2,0,0,2,5,19,2,0,19,1,0,1,0,0,0
U,Mn,5,1,0,0,0,0,4,4,6,4,0,0,0,1,0,0,0,0,2,4,6,0,0,6,0,0,2,0,0,0
U,Fe,20,2,0,1,5,0,11,5,4,28,0,0,0,1,0,1,0,0,5,13,28,2,0,28,5,0,6,3,0,0
U,Ni,4,0,0,0,0,0,0,0,0,0,4,0,0,0,0,0,0,0,0,0,4,0,0,4,1,0,0,3,0,0
U,Cu,17,0,0,0,2,0,0,1,0,0,0,17,0,0,0,0,3,1,1,1,17,0,0,17,2,3,3,2,0,0
U,Ag,0,0,0,0,0,0,0,0,0,0,0,0,0,0,0,0,0,0,0,0,0,0,0,0,0,0,0,0,0,0
U,Zn,4,0,0,0,1,0,1,1,1,1,0,0,0,4,0,0,1,0,1,1,4,0,0,4,1,0,0,1,0,0
U,B,0,0,0,0,0,0,0,0,0,0,0,0,0,0,0,0,0,0,0,0,0,0,0,0,0,0,0,0,0,0
U,Al,18,1,0,0,0,0,0,2,0,1,0,0,0,0,0,18,0,0,1,0,18,3,0,18,2,0,13,2,0,0
U,C,29,6,3,4,18,1,0,0,0,0,0,3,0,1,0,0,32,1,1,6,32,2,0,32,2,0,0,0,0,0
U,Si,19,3,3,3,7,1,0,0,0,0,0,1,0,0,0,0,1,21,1,1,21,0,0,21,0,0,0,0,0,0
U,Pb,26,3,1,1,2,1,4,2,2,5,0,1,0,1,0,1,1,1,31,4,31,1,0,31,0,1,7,3,0,2
U,REE,19,3,0,0,8,1,13,5,4,13,0,1,0,1,0,0,6,1,4,27,27,3,0,27,1,0,3,1,0,0
U,U,235,31,21,19,60,14,19,19,6,28,4,17,0,4,0,18,32,21,31,27,261,9,1,261,35,7,52,35,0,6
U,F,7,3,0,1,4,0,2,2,0,2,0,0,0,0,0,3,2,0,1,3,9,9,0,9,1,0,1,2,0,0
U,Cl,1,1,0,0,0,0,0,0,0,0,0,0,0,0,0,0,0,0,0,0,1,0,1,1,1,0,0,0,0,0
U,O,235,31,21,19,60,14,19,19,6,28,4,17,0,4,0,18,32,21,31,27,261,9,1,261,35,7,52,35,0,6
U,S,35,11,5,4,3,0,0,1,0,5,1,2,0,1,0,2,2,0,0,1,35,1,1,35,35,0,3,0,0,0
U,Se,7,1,0,0,1,1,0,0,0,0,0,3,0,0,0,0,0,0,1,0,7,0,0,7,0,7,0,0,0,0
U,P,52,2,3,2,10,3,0,1,2,6,0,3,0,0,0,13,0,0,7,3,52,1,0,52,3,0,52,0,0,2
U,As,34,1,2,4,4,2,1,0,0,3,3,2,0,1,0,2,0,0,3,1,35,2,0,35,0,0,0,35,0,3
U,Sb,0,0,0,0,0,0,0,0,0,0,0,0,0,0,0,0,0,0,0,0,0,0,0,0,0,0,0,0,0,0
U,Bi,6,0,0,0,0,0,0,0,0,0,0,0,0,0,0,0,0,0,2,0,6,0,0,6,0,0,2,3,0,6
F,H,169,74,25,28,77,21,40,5,32,34,0,7,0,3,16,78,13,90,6,35,7,169,11,166,18,0,32,3,1,0
F,Na,74,184,26,31,94,26,55,0,32,42,0,0,0,3,15,48,16,112,2,41,3,184,12,165,11,0,29,6,1,1
F,K,25,26,59,14,26,8,12,0,12,12,0,0,0,0,4,16,1,50,1,3,0,59,3,51,4,0,2,0,0,0
F,Mg,28,31,14,76,30,6,5,0,3,21,0,0,0,0,8,37,2,48,1,5,1,76,0,70,7,0,6,3,0,0
F,Ca,77,94,26,30,184,19,32,2,20,26,0,0,0,0,13,57,19,106,5,46,4,184,9,172,13,0,34,6,1,1
F,Ba,21,26,8,6,19,48,20,2,12,10,0,0,0,0,5,6,11,29,1,15,0,48,5,44,1,0,10,0,0,0
F,Ti,40,55,12,5,32,20,65,2,22,24,0,0,0,3,3,3,1,57,1,16,2,65,2,65,0,0,11,0,0,0
F,V,5,0,0,0,2,2,2,6,0,2,0,2,0,0,0,3,1,2,0,2,2,6,0,6,0,0,2,0,0,0
F,Mn,32,32,12,3,20,12,22,0,42,14,0,0,0,1,3,7,2,34,1,8,0,42,4,42,1,0,7,0,0,0
F,Fe,34,42,12,21,26,10,24,2,14,62,0,0,0,2,9,20,1,49,1,14,2,62,2,62,0,0,10,4,0,0
F,Ni,0,0,0,0,0,0,0,0,0,0,0,0,0,0,0,0,0,0,0,0,0,0,0,0,0,0,0,0,0,0
F,Cu,7,0,0,0,0,0,0,2,0,0,0,7,0,0,0,4,0,0,0,0,0,7,1,7,0,0,3,0,1,0
F,Ag,0,0,0,0,0,0,0,0,0,0,0,0,1,0,0,0,0,0,1,0,0,1,1,0,0,0,0,0,0,0
F,Zn,3,3,0,0,0,0,3,0,1,2,0,0,0,4,0,0,0,2,2,2,0,4,0,4,0,0,0,0,0,0
F,B,16,15,4,8,13,5,3,0,3,9,0,0,0,0,32,11,1,25,3,10,0,32,1,28,2,0,4,2,0,0
F,Al,78,48,16,37,57,6,3,3,7,20,0,4,0,0,11,134,4,56,3,12,3,134,4,119,15,0,24,5,0,0
F,C,13,16,1,2,19,11,1,1,2,1,0,0,0,0,1,4,39,4,1,25,2,39,2,39,3,0,2,0,0,1
F,Si,90,112,50,48,106,29,57,2,34,49,0,0,0,2,25,56,4,196,4,40,0,196,8,189,3,0,14,2,0,0
F,Pb,6,2,1,1,5,1,1,0,1,1,0,0,1,2,3,3,1,4,19,3,1,19,6,14,2,0,1,0,0,0
F,REE,35,41,3,5,46,15,16,2,8,14,0,0,0,2,10,12,25,40,3,87,3,87,4,80,5,0,12,2,0,0
F,U,7,3,0,1,4,0,2,2,0,2,0,0,0,0,0,3,2,0,1,3,9,9,0,9,1,0,1,2,0,0
F,F,169,184,59,76,184,48,65,6,42,62,0,7,1,4,32,134,39,196,19,87,9,395,24,347,31,0,66,11,2,4
F,Cl,11,12,3,0,9,5,2,0,4,2,0,1,1,0,1,4,2,8,6,4,0,24,24,19,7,0,1,0,0,0
F,O,166,165,51,70,172,44,65,6,42,62,0,7,0,4,28,119,39,189,14,80,9,347,19,347,31,0,66,11,2,3
F,S,18,11,4,7,13,1,0,0,1,0,0,0,0,0,2,15,3,3,2,5,1,31,7,31,31,0,2,0,0,0
F,Se,0,0,0,0,0,0,0,0,0,0,0,0,0,0,0,0,0,0,0,0,0,0,0,0,0,0,0,0,0,0
F,P,32,29,2,6,34,10,11,2,7,10,0,3,0,0,4,24,2,14,1,12,1,66,1,66,2,0,66,0,0,0
F,As,3,6,0,3,6,0,0,0,0,4,0,0,0,0,2,5,0,2,0,2,2,11,0,11,0,0,0,11,0,0
F,Sb,1,1,0,0,1,0,0,0,0,0,0,1,0,0,0,0,0,0,0,0,0,2,0,2,0,0,0,0,2,0
F,Bi,0,1,0,0,1,0,0,0,0,0,0,0,0,0,0,0,1,0,0,0,0,4,0,3,0,0,0,0,0,4
Cl,H,217,53,30,27,74,13,9,2,27,41,5,58,2,9,28,37,23,56,39,7,1,11,217,212,32,1,3,15,3,2
Cl,Na,53,85,23,3,47,3,6,0,14,25,0,10,0,1,4,26,11,44,3,8,1,12,85,82,32,1,3,8,1,1
Cl,K,30,23,61,4,21,1,3,1,3,13,1,17,1,5,4,15,4,18,5,0,0,3,61,49,17,2,0,3,0,1
Cl,Mg,27,3,4,36,9,2,2,0,3,4,0,3,0,0,9,8,5,7,2,0,0,0,36,35,6,0,0,0,0,0
Cl,Ca,74,47,21,9,100,5,6,0,14,23,0,11,0,0,16,30,13,55,5,5,0,9,100,98,15,0,5,11,2,1
Cl,Ba,13,3,1,2,5,20,7,1,6,7,0,0,0,0,3,3,3,15,1,2,0,5,20,19,1,0,2,1,0,0
Cl,Ti,9,6,3,2,6,7,12,1,6,7,0,0,0,0,3,1,0,12,0,1,0,2,12,12,0,0,0,0,0,0
Cl,V,2,0,1,0,0,1,1,8,0,0,0,4,0,0,1,0,0,2,4,0,0,0,8,8,0,0,0,1,0,0
Cl,Mn,27,14,3,3,14,6,6,0,34,9,0,2,0,0,4,0,3,20,3,6,0,4,34,31,3,0,1,1,0,0
Cl,Fe,41,25,13,4,23,7,7,0,9,56,4,5,0,0,5,4,1,26,5,4,0,2,56,50,9,0,0,4,0,1
Cl,Ni,5,0,1,0,0,0,0,0,0,4,7,3,0,0,0,0,0,0,0,0,0,0,7,5,2,0,0,0,0,0
Cl,Cu,58,10,17,3,11,0,0,4,2,5,3,88,3,7,1,6,3,2,20,1,0,1,88,83,13,10,2,12,4,3
Cl,Ag,2,0,1,0,0,0,0,0,0,0,0,3,8,1,0,0,0,0,4,0,0,1,8,3,4,0,0,0,1,0
Cl,Zn,9,1,5,0,0,0,0,0,0,0,0,7,1,14,1,0,0,0,2,0,0,0,14,12,1,2,0,1,0,0
Cl,B,28,4,4,9,16,3,3,1,4,5,0,1,0,1,35,4,2,8,3,0,0,1,35,35,2,0,0,0,0,0
Cl,Al,37,26,15,8,30,3,1,0,0,4,0,6,0,0,4,57,9,34,3,0,0,4,57,57,19,0,1,2,1,0
Cl,C,23,11,4,5,13,3,0,0,3,1,0,3,0,0,2,9,31,10,6,3,0,2,31,31,9,0,1,0,0,0
Cl,Si,56,44,18,7,55,15,12,2,20,26,0,2,0,0,8,34,10,84,8,5,0,8,84,84,14,0,1,1,0,0
Cl,Pb,39,3,5,2,5,1,0,4,3,5,0,20,4,2,3,3,6,8,90,0,0,6,90,75,17,4,2,16,9,3
Cl,REE,7,8,0,0,5,2,1,0,6,4,0,1,0,0,0,0,3,5,0,9,0,4,9,9,2,0,1,0,0,0
Cl,U,1,1,0,0,0,0,0,0,0,0,0,0,0,0,0,0,0,0,0,0,1,0,1,1,1,0,0,0,0,0
Cl,F,11,12,3,0,9,5,2,0,4,2,0,1,1,0,1,4,2,8,6,4,0,24,24,19,7,0,1,0,0,0
Cl,Cl,217,85,61,36,100,20,12,8,34,56,7,88,8,14,35,57,31,84,90,9,1,24,380,327,75,12,9,33,13,11
Cl,O,212,82,49,35,98,19,12,8,31,50,5,83,3,12,35,57,31,84,75,9,1,19,327,327,57,12,9,30,10,6
Cl,S,32,32,17,6,15,1,0,0,3,9,2,13,4,1,2,19,9,14,17,2,1,7,75,57,75,0,0,3,6,5
Cl,Se,1,1,2,0,0,0,0,0,0,0,0,10,0,2,0,0,0,0,4,0,0,0,12,12,0,12,0,0,0,1
Cl,P,3,3,0,0,5,2,0,0,1,0,0,2,0,0,0,1,1,1,2,1,0,1,9,9,0,0,9,0,0,1
Cl,As,15,8,3,0,11,1,0,1,1,4,0,12,0,1,0,2,0,1,16,0,0,0,33,30,3,0,0,33,3,2
Cl,Sb,3,1,0,0,2,0,0,0,0,0,0,4,1,0,0,1,0,0,9,0,0,0,13,10,6,0,0,3,13,0
Cl,Bi,2,1,1,0,1,0,0,0,0,1,0,3,0,0,0,0,0,0,3,0,0,0,11,6,5,1,1,2,0,11
O,H,2860,634,310,450,868,141,192,153,376,657,62,328,5,179,188,792,274,961,199,195,235,166,212,2860,449,19,463,341,32,41
O,Na,634,951,188,165,358,69,157,29,142,220,2,35,0,16,63,265,103,547,12,97,31,165,82,951,128,3,139,42,11,4
O,K,310,188,450,78,151,33,75,14,54,101,1,40,1,17,16,147,19,276,8,12,21,51,49,450,82,3,33,19,2,1
O,Mg,450,165,78,641,195,24,48,17,63,178,5,19,0,22,82,232,58,276,8,18,19,70,35,641,64,1,92,41,8,1
O,Ca,868,358,151,195,1233,55,105,50,154,245,5,56,1,35,111,364,135,618,27,133,60,172,98,1233,104,2,182,111,15,4
O,Ba,141,69,33,24,55,230,68,20,31,52,0,5,0,1,14,49,29,134,3,25,14,44,19,230,8,1,37,9,0,0
O,Ti,192,157,75,48,105,68,345,18,64,133,0,2,0,16,11,40,5,215,10,73,19,65,12,345,2,0,17,11,4,0
O,V,153,29,14,17,50,20,18,217,28,35,3,23,1,7,4,33,1,38,22,11,19,6,8,217,10,0,11,7,1,7
O,Mn,376,142,54,63,154,31,64,28,531,138,3,8,1,32,24,84,22,244,31,40,6,42,31,531,22,0,108,55,13,0
O,Fe,657,220,101,178,245,52,133,35,138,920,11,44,1,50,38,206,25,334,57,73,28,62,50,920,119,1,189,105,19,12
O,Ni,62,2,1,5,5,0,0,3,3,11,71,7,0,2,1,8,13,8,1,0,4,0,5,71,16,1,2,15,2,2
O,Cu,328,35,40,19,56,5,2,23,8,44,7,423,4,29,5,47,34,38,64,12,17,7,83,423,99,18,36,105,11,10
O,Ag,5,0,1,0,1,0,0,1,1,1,0,4,8,1,0,0,0,0,4,0,0,0,3,8,3,0,0,0,3,0
O,Zn,179,16,17,22,35,1,16,7,32,50,2,29,1,224,1,35,13,50,26,6,4,4,12,224,40,3,26,58,6,0
O,B,188,63,16,82,111,14,11,4,24,38,1,5,0,1,271,76,12,114,6,25,0,28,35,271,8,0,6,5,3,0
O,Al,792,265,147,232,364,49,40,33,84,206,8,47,0,35,76,1012,58,565,29,58,18,119,57,1012,142,1,170,52,9,1
O,C,274,103,19,58,135,29,5,1,22,25,13,34,0,13,12,58,381,57,28,86,32,39,31,381,41,0,22,3,0,3
O,Si,961,547,276,276,618,134,215,38,244,334,8,38,0,50,114,565,57,1453,44,153,21,189,84,1453,56,0,36,22,7,3
O,Pb,199,12,8,8,27,3,10,22,31,57,1,64,4,26,6,29,28,44,314,11,31,14,75,314,59,11,29,55,16,6
O,REE,195,97,12,18,133,25,73,11,40,73,0,12,0,6,25,58,86,153,11,334,27,80,9,334,10,0,44,18,0,0
O,U,235,31,21,19,60,14,19,19,6,28,4,17,0,4,0,18,32,21,31,27,261,9,1,261,35,7,52,35,0,6
O,F,166,165,51,70,172,44,65,6,42,62,0,7,0,4,28,119,39,189,14,80,9,347,19,347,31,0,66,11,2,3
O,Cl,212,82,49,35,98,19,12,8,31,50,5,83,3,12,35,57,31,84,75,9,1,19,327,327,57,12,9,30,10,6
O,O,2860,951,450,641,1233,230,345,217,531,920,71,423,8,224,271,1012,381,1453,314,334,261,347,327,4138,557,35,588,420,90,78
O,S,449,128,82,64,104,8,2,10,22,119,16,99,3,40,8,142,41,56,59,10,35,31,57,557,557,3,22,21,20,9
O,Se,19,3,3,1,2,1,0,0,0,1,1,18,0,3,0,1,0,0,11,0,7,0,12,35,3,35,0,0,0,2
O,P,463,139,33,92,182,37,17,11,108,189,2,36,0,26,6,170,22,36,29,44,52,66,9,588,22,0,588,3,0,11
O,As,341,42,19,41,111,9,11,7,55,105,15,105,0,58,5,52,3,22,55,18,35,11,30,420,21,0,3,420,13,17
O,Sb,32,11,2,8,15,0,4,1,13,19,2,11,3,6,3,9,0,7,16,0,0,2,10,90,20,0,0,13,90,1
O,Bi,41,4,1,1,4,0,0,7,0,12,2,10,0,0,0,1,3,3,6,0,6,3,6,78,9,2,11,17,1,78
S,H,449,88,51,56,81,5,1,9,17,108,16,78,1,36,8,128,31,35,40,8,35,18,32,449,449,2,21,20,10,4
S,Na,88,130,32,14,37,2,1,0,5,18,1,9,0,4,3,36,16,28,2,3,11,11,32,128,130,0,2,1,3,2
S,K,51,32,90,11,24,0,1,2,1,22,2,19,1,1,1,23,4,15,3,0,5,4,17,82,90,0,0,1,4,1
S,Mg,56,14,11,65,5,0,0,1,1,12,1,4,0,2,1,17,6,1,1,0,4,7,6,64,65,0,0,0,0,0
S,Ca,81,37,24,5,106,3,1,0,3,5,0,9,0,3,7,41,14,40,2,3,3,13,15,104,106,0,3,1,2,0
S,Ba,5,2,0,0,3,9,1,0,0,2,1,1,0,0,0,3,1,4,1,1,0,1,1,8,9,0,0,1,0,0
S,Ti,1,1,1,0,1,1,4,0,0,2,0,0,0,0,0,0,0,1,0,0,0,0,0,2,4,0,0,0,0,0
S,V,9,0,2,1,0,0,0,17,0,0,0,5,0,0,0,1,0,0,0,0,1,0,0,10,17,0,0,2,1,0
S,Mn,17,5,1,1,3,0,0,0,35,1,0,1,5,2,0,4,5,2,6,1,0,1,3,22,35,0,0,2,5,1
S,Fe,108,18,22,12,5,2,2,0,1,219,17,66,15,20,2,14,2,3,24,0,5,0,9,119,219,1,7,17,15,11
S,Ni,16,1,2,1,0,1,0,0,0,17,53,11,1,0,0,3,1,0,4,0,1,0,2,16,53,0,0,5,4,6
S,Cu,78,9,19,4,9,1,0,5,1,66,11,278,39,20,0,18,2,4,76,0,2,0,13,99,278,7,2,38,34,47
S,Ag,1,0,1,0,0,0,0,0,5,15,1,39,131,5,0,0,0,0,53,0,0,0,4,3,131,5,0,36,48,30
S,Zn,36,4,1,2,3,0,0,0,2,20,0,20,5,61,0,7,1,4,4,0,1,0,1,40,61,0,1,6,2,1
S,B,8,3,1,1,7,0,0,0,0,2,0,0,0,0,8,2,0,2,0,0,0,2,2,8,8,0,0,0,0,0
S,Al,128,36,23,17,41,3,0,1,4,14,3,18,0,7,2,142,11,33,8,5,2,15,19,142,142,0,11,5,2,0
S,C,31,16,4,6,14,1,0,0,5,2,1,2,0,1,0,11,41,10,8,6,2,3,9,41,41,0,1,0,0,0
S,Si,35,28,15,1,40,4,1,0,2,3,0,4,0,4,2,33,10,56,7,1,0,3,14,56,56,0,1,1,0,0
S,Pb,40,2,3,1,2,1,0,0,6,24,4,76,53,4,0,8,8,7,231,0,0,2,17,59,231,10,3,54,80,72
S,REE,8,3,0,0,3,1,0,0,1,0,0,0,0,0,0,5,6,1,0,10,1,5,2,10,10,0,1,0,0,0
S,U,35,11,5,4,3,0,0,1,0,5,1,2,0,1,0,2,2,0,0,1,35,1,1,35,35,0,3,0,0,0
S,F,18,11,4,7,13,1,0,0,1,0,0,0,0,0,2,15,3,3,2,5,1,31,7,31,31,0,2,0,0,0
S,Cl,32,32,17,6,15,1,0,0,3,9,2,13,4,1,2,19,9,14,17,2,1,7,75,57,75,0,0,3,6,5
S,O,449,128,82,64,104,8,2,10,22,119,16,99,3,40,8,142,41,56,59,10,35,31,57,557,557,3,22,21,20,9
S,S,449,130,90,65,106,9,4,17,35,219,53,278,131,61,8,142,41,56,231,10,35,31,75,557,1066,17,22,152,147,116
S,Se,2,0,0,0,0,0,0,0,0,1,0,7,5,0,0,0,0,0,10,0,0,0,0,3,17,17,0,1,2,9
S,P,21,2,0,0,3,0,0,0,0,7,0,2,0,1,0,11,1,1,3,1,3,2,0,22,22,0,22,0,0,0
S,As,20,1,1,0,1,1,0,2,2,17,5,38,36,6,0,5,0,1,54,0,0,0,3,21,152,1,0,152,42,5
S,Sb,10,3,4,0,2,0,0,1,5,15,4,34,48,2,0,2,0,0,80,0,0,0,6,20,147,2,0,42,147,14
S,Bi,4,2,1,0,0,0,0,0,1,11,6,47,30,1,0,0,0,0,72,0,0,0,5,9,116,9,0,5,14,116
Se,H,19,2,1,1,2,1,0,0,0,1,1,8,0,0,0,1,0,0,5,0,7,0,1,19,2,19,0,0,0,1
Se,Na,2,3,1,1,0,0,0,0,0,0,0,1,0,0,0,0,0,0,0,0,1,0,1,3,0,3,0,0,0,0
Se,K,1,1,3,1,0,0,0,0,0,0,0,2,0,1,0,0,0,0,1,0,0,0,2,3,0,3,0,0,0,0
Se,Mg,1,1,1,1,0,0,0,0,0,0,0,0,0,0,0,0,0,0,0,0,0,0,0,1,0,1,0,0,0,0
Se,Ca,2,0,0,0,2,0,0,0,0,0,0,0,0,0,0,0,0,0,0,0,1,0,0,2,0,2,0,0,0,0
Se,Ba,1,0,0,0,0,1,0,0,0,0,0,0,0,0,0,0,0,0,0,0,1,0,0,1,0,1,0,0,0,0
Se,Ti,0,0,0,0,0,0,0,0,0,0,0,0,0,0,0,0,0,0,0,0,0,0,0,0,0,0,0,0,0,0
Se,V,0,0,0,0,0,0,0,0,0,0,0,0,0,0,0,0,0,0,0,0,0,0,0,0,0,0,0,0,0,0
Se,Mn,0,0,0,0,0,0,0,0,0,0,0,0,0,0,0,0,0,0,0,0,0,0,0,0,0,0,0,0,0,0
Se,Fe,1,0,0,0,0,0,0,0,0,9,0,5,1,1,0,0,0,0,0,0,0,0,0,1,1,9,0,3,0,0
Se,Ni,1,0,0,0,0,0,0,0,0,0,10,1,0,0,0,0,0,0,0,0,0,0,0,1,0,10,0,1,0,0
Se,Cu,8,1,2,0,0,0,0,0,0,5,1,50,5,2,0,0,0,0,12,0,3,0,10,18,7,50,0,3,3,9
Se,Ag,0,0,0,0,0,0,0,0,0,1,0,5,14,0,0,0,0,0,2,0,0,0,0,0,5,14,0,0,2,3
Se,Zn,0,0,1,0,0,0,0,0,0,1,0,2,0,5,0,0,0,0,1,0,0,0,2,3,0,5,0,1,0,0
Se,B,0,0,0,0,0,0,0,0,0,0,0,0,0,0,0,0,0,0,0,0,0,0,0,0,0,0,0,0,0,0
Se,Al,1,0,0,0,0,0,0,0,0,0,0,0,0,0,0,1,0,0,0,0,0,0,0,1,0,1,0,0,0,0
Se,C,0,0,0,0,0,0,0,0,0,0,0,0,0,0,0,0,0,0,0,0,0,0,0,0,0,0,0,0,0,0
Se,Si,0,0,0,0,0,0,0,0,0,0,0,0,0,0,0,0,0,0,0,0,0,0,0,0,0,0,0,0,0,0
Se,Pb,5,0,1,0,0,0,0,0,0,0,0,12,2,1,0,0,0,0,24,0,1,0,4,11,10,24,0,0,0,13
Se,REE,0,0,0,0,0,0,0,0,0,0,0,0,0,0,0,0,0,0,0,0,0,0,0,0,0,0,0,0,0,0
Se,U,7,1,0,0,1,1,0,0,0,0,0,3,0,0,0,0,0,0,1,0,7,0,0,7,0,7,0,0,0,0
Se,F,0,0,0,0,0,0,0,0,0,0,0,0,0,0,0,0,0,0,0,0,0,0,0,0,0,0,0,0,0,0
Se,Cl,1,1,2,0,0,0,0,0,0,0,0,10,0,2,0,0,0,0,4,0,0,0,12,12,0,12,0,0,0,1
Se,O,19,3,3,1,2,1,0,0,0,1,1,18,0,3,0,1,0,0,11,0,7,0,12,35,3,35,0,0,0,2
Se,S,2,0,0,0,0,0,0,0,0,1,0,7,5,0,0,0,0,0,10,0,0,0,0,3,17,17,0,1,2,9
Se,Se,19,3,3,1,2,1,0,0,0,9,10,50,14,5,0,1,0,0,24,0,7,0,12,35,17,121,0,6,6,26
Se,P,0,0,0,0,0,0,0,0,0,0,0,0,0,0,0,0,0,0,0,0,0,0,0,0,0,0,0,0,0,0
Se,As,0,0,0,0,0,0,0,0,0,3,1,3,0,1,0,0,0,0,0,0,0,0,0,0,1,6,0,6,0,0
Se,Sb,0,0,0,0,0,0,0,0,0,0,0,3,2,0,0,0,0,0,0,0,0,0,0,0,2,6,0,0,6,0
Se,Bi,1,0,0,0,0,0,0,0,0,0,0,9,3,0,0,0,0,0,13,0,0,0,1,2,9,26,0,0,0,26
P,H,463,76,30,70,131,26,11,11,77,155,2,36,0,24,4,155,16,17,25,24,52,32,3,463,21,0,463,3,0,10
P,Na,76,139,10,25,57,12,11,0,29,44,0,3,0,0,3,36,13,21,1,18,2,29,3,139,2,0,139,0,0,0
P,K,30,10,33,6,11,0,3,0,5,13,0,0,0,0,0,9,0,2,0,0,3,2,0,33,0,0,33,0,0,0
P,Mg,70,25,6,92,35,3,2,0,16,25,0,1,0,2,1,22,8,3,0,1,2,6,0,92,0,0,92,0,0,0
P,Ca,131,57,11,35,182,8,5,2,35,54,1,6,0,9,4,42,7,22,4,15,10,34,5,182,3,0,182,2,0,1
P,Ba,26,12,0,3,8,37,6,3,4,7,0,0,0,0,1,10,2,7,0,3,3,10,2,37,0,0,37,0,0,0
P,Ti,11,11,3,2,5,6,18,0,3,4,0,0,0,0,2,2,0,13,0,3,0,11,0,17,0,0,18,0,0,0
P,V,11,0,0,0,2,3,0,11,1,1,0,2,0,0,0,4,0,0,2,0,1,2,0,11,0,0,11,0,0,0
P,Mn,77,29,5,16,35,4,3,1,108,54,0,0,0,5,2,26,2,8,0,2,2,7,1,108,0,0,108,0,0,0
P,Fe,155,44,13,25,54,7,4,1,54,198,5,5,0,8,3,39,2,8,9,4,6,10,0,189,7,0,198,1,0,3
P,Ni,2,0,0,0,1,0,0,0,0,5,12,0,0,0,0,0,0,1,0,0,0,0,0,2,0,0,12,0,0,0
P,Cu,36,3,0,1,6,0,0,2,0,5,0,36,0,2,0,7,0,0,4,2,3,3,2,36,2,0,36,1,0,2
P,Ag,0,0,0,0,0,0,0,0,0,0,0,0,0,0,0,0,0,0,0,0,0,0,0,0,0,0,0,0,0,0
P,Zn,24,0,0,2,9,0,0,0,5,8,0,2,0,26,0,3,1,1,1,0,0,0,0,26,1,0,26,1,0,0
P,B,4,3,0,1,4,1,2,0,2,3,0,0,0,0,6,0,0,4,0,4,0,4,0,6,0,0,6,0,0,0
P,Al,155,36,9,22,42,10,2,4,26,39,0,7,0,3,0,170,6,8,7,6,13,24,1,170,11,0,170,0,0,1
P,C,16,13,0,8,7,2,0,0,2,2,0,0,0,1,0,6,22,4,0,5,0,2,1,22,1,0,22,0,0,0
P,Si,17,21,2,3,22,7,13,0,8,8,1,0,0,1,4,8,4,37,0,10,0,14,1,36,1,0,37,0,0,0
P,Pb,25,1,0,0,4,0,0,2,0,9,0,4,0,1,0,7,0,0,29,0,7,1,2,29,3,0,29,0,0,2
P,REE,24,18,0,1,15,3,3,0,2,4,0,2,0,0,4,6,5,10,0,44,3,12,1,44,1,0,44,0,0,0
P,U,52,2,3,2,10,3,0,1,2,6,0,3,0,0,0,13,0,0,7,3,52,1,0,52,3,0,52,0,0,2
P,F,32,29,2,6,34,10,11,2,7,10,0,3,0,0,4,24,2,14,1,12,1,66,1,66,2,0,66,0,0,0
P,Cl,3,3,0,0,5,2,0,0,1,0,0,2,0,0,0,1,1,1,2,1,0,1,9,9,0,0,9,0,0,1
P,O,463,139,33,92,182,37,17,11,108,189,2,36,0,26,6,170,22,36,29,44,52,66,9,588,22,0,588,3,0,11
P,S,21,2,0,0,3,0,0,0,0,7,0,2,0,1,0,11,1,1,3,1,3,2,0,22,22,0,22,0,0,0
P,Se,0,0,0,0,0,0,0,0,0,0,0,0,0,0,0,0,0,0,0,0,0,0,0,0,0,0,0,0,0,0
P,P,463,139,33,92,182,37,18,11,108,198,12,36,0,26,6,170,22,37,29,44,52,66,9,588,22,0,602,3,0,11
P,As,3,0,0,0,2,0,0,0,0,1,0,1,0,1,0,0,0,0,0,0,0,0,0,3,0,0,3,3,0,0
P,Sb,0,0,0,0,0,0,0,0,0,0,0,0,0,0,0,0,0,0,0,0,0,0,0,0,0,0,0,0,0,0
P,Bi,10,0,0,0,1,0,0,0,0,3,0,2,0,0,0,1,0,0,2,0,2,0,1,11,0,0,11,0,0,11
As,H,341,25,12,33,92,8,6,6,50,86,11,85,0,51,2,44,3,16,41,12,34,3,15,341,20,0,3,341,7,13
As,Na,25,42,2,8,20,0,2,1,8,18,0,14,0,1,2,7,1,4,3,2,1,6,8,42,1,0,0,42,3,0
As,K,12,2,19,0,4,0,2,0,0,3,0,8,0,2,0,3,0,1,1,0,2,0,3,19,1,0,0,19,1,0
As,Mg,33,8,0,41,16,0,0,0,8,9,0,6,0,4,1,6,0,4,1,0,4,3,0,41,0,0,0,41,0,1
As,Ca,92,20,4,16,111,1,3,4,13,27,3,25,0,10,4,9,2,4,3,5,4,6,11,111,1,0,2,111,2,1
As,Ba,8,0,0,0,1,9,0,0,0,3,0,0,0,0,0,3,0,0,0,0,2,0,1,9,1,0,0,9,0,0
As,Ti,6,2,2,0,3,0,11,2,1,6,0,1,0,0,0,2,0,2,1,2,1,0,0,11,0,0,0,11,1,0
As,V,6,1,0,0,4,0,2,9,0,1,0,2,0,0,0,1,0,1,1,0,0,0,1,7,2,0,0,9,1,0
As,Mn,50,8,0,8,13,0,1,0,57,7,0,2,2,6,0,4,2,13,5,3,0,0,1,55,2,0,0,57,3,0
As,Fe,86,18,3,9,27,3,6,1,7,120,2,27,1,19,2,10,0,8,13,5,3,4,4,105,17,3,1,120,3,5
As,Ni,11,0,0,0,3,0,0,0,0,2,33,1,0,0,0,0,0,0,1,0,3,0,0,15,5,1,0,33,0,3
As,Cu,85,14,8,6,25,0,1,2,2,27,1,146,10,15,0,16,1,3,18,5,2,0,12,105,38,3,1,146,7,4
As,Ag,0,0,0,0,0,0,0,0,2,1,0,10,38,2,0,0,0,0,14,0,0,0,0,0,36,0,0,38,12,0
As,Zn,51,1,2,4,10,0,0,0,6,19,0,15,2,64,0,3,0,6,10,0,1,0,1,58,6,1,1,64,2,0
As,B,2,2,0,1,4,0,0,0,0,2,0,0,0,0,5,2,0,2,0,2,0,2,0,5,0,0,0,5,0,0
As,Al,44,7,3,6,9,3,2,1,4,10,0,16,0,3,2,52,0,7,3,4,2,5,2,52,5,0,0,52,0,0
As,C,3,1,0,0,2,0,0,0,2,0,0,1,0,0,0,0,3,0,0,0,0,0,0,3,0,0,0,3,0,0
As,Si,16,4,1,4,4,0,2,1,13,8,0,3,0,6,2,7,0,22,1,3,0,2,1,22,1,0,0,22,1,0
As,Pb,41,3,1,1,3,0,1,1,5,13,1,18,14,10,0,3,0,1,105,1,3,0,16,55,54,0,0,105,26,5
As,REE,12,2,0,0,5,0,2,0,3,5,0,5,0,0,2,4,0,3,1,18,1,2,0,18,0,0,0,18,0,0
As,U,34,1,2,4,4,2,1,0,0,3,3,2,0,1,0,2,0,0,3,1,35,2,0,35,0,0,0,35,0,3
As,F,3,6,0,3,6,0,0,0,0,4,0,0,0,0,2,5,0,2,0,2,2,11,0,11,0,0,0,11,0,0
As,Cl,15,8,3,0,11,1,0,1,1,4,0,12,0,1,0,2,0,1,16,0,0,0,33,30,3,0,0,33,3,2
As,O,341,42,19,41,111,9,11,7,55,105,15,105,0,58,5,52,3,22,55,18,35,11,30,420,21,0,3,420,13,17
As,S,20,1,1,0,1,1,0,2,2,17,5,38,36,6,0,5,0,1,54,0,0,0,3,21,152,1,0,152,42,5
As,Se,0,0,0,0,0,0,0,0,0,3,1,3,0,1,0,0,0,0,0,0,0,0,0,0,1,6,0,6,0,0
As,P,3,0,0,0,2,0,0,0,0,1,0,1,0,1,0,0,0,0,0,0,0,0,0,3,0,0,3,3,0,0
As,As,341,42,19,41,111,9,11,9,57,120,33,146,38,64,5,52,3,22,105,18,35,11,33,420,152,6,3,609,57,23
As,Sb,7,3,1,0,2,0,1,1,3,3,0,7,12,2,0,0,0,1,26,0,0,0,3,13,42,0,0,57,57,1
As,Bi,13,0,0,1,1,0,0,0,0,5,3,4,0,0,0,0,0,0,5,0,3,0,2,17,5,0,0,23,1,23
Sb,H,32,6,2,2,3,0,3,0,1,6,2,7,1,3,0,5,0,2,4,0,0,1,3,32,10,0,0,7,32,0
Sb,Na,6,11,1,0,2,0,2,0,1,1,0,1,0,0,0,0,0,0,0,0,0,1,1,11,3,0,0,3,11,0
Sb,K,2,1,4,0,0,0,0,0,0,1,0,2,1,0,0,0,0,0,1,0,0,0,0,2,4,0,0,1,4,0
Sb,Mg,2,0,0,8,1,0,0,0,3,4,0,0,0,1,2,2,0,1,0,0,0,0,0,8,0,0,0,0,8,0
Sb,Ca,3,2,0,1,15,0,2,0,2,5,0,2,0,0,0,2,0,1,1,0,0,1,2,15,2,0,0,2,15,0
Sb,Ba,0,0,0,0,0,0,0,0,0,0,0,0,0,0,0,0,0,0,0,0,0,0,0,0,0,0,0,0,0,0
Sb,Ti,3,2,0,0,2,0,4,0,1,2,0,1,0,0,0,0,0,0,0,0,0,0,0,4,0,0,0,1,4,0
Sb,V,0,0,0,0,0,0,0,2,0,0,0,1,0,0,0,0,0,0,0,0,0,0,0,1,1,0,0,1,2,0
Sb,Mn,1,1,0,3,2,0,1,0,18,4,0,0,3,1,2,1,0,5,3,0,0,0,0,13,5,0,0,3,18,0
Sb,Fe,6,1,1,4,5,0,2,0,4,33,1,6,4,3,1,2,0,3,7,0,0,0,0,19,15,0,0,3,33,6
Sb,Ni,2,0,0,0,0,0,0,0,0,1,10,3,0,0,0,0,0,0,0,0,0,0,0,2,4,0,0,0,10,1
Sb,Cu,7,1,2,0,2,0,1,1,0,6,3,45,10,0,0,3,0,0,21,0,0,1,4,11,34,3,0,7,45,7
Sb,Ag,1,0,1,0,0,0,0,0,3,4,0,10,52,1,0,0,0,0,28,0,0,0,1,3,48,2,0,12,52,5
Sb,Zn,3,0,0,1,0,0,0,0,1,3,0,0,1,7,0,1,0,1,1,0,0,0,0,6,2,0,0,2,7,0
Sb,B,0,0,0,2,0,0,0,0,2,1,0,0,0,0,3,1,0,0,0,0,0,0,0,3,0,0,0,0,3,0
Sb,Al,5,0,0,2,2,0,0,0,1,2,0,3,0,1,1,9,0,2,1,0,0,0,1,9,2,0,0,0,9,0
Sb,C,0,0,0,0,0,0,0,0,0,0,0,0,0,0,0,0,0,0,0,0,0,0,0,0,0,0,0,0,0,0
Sb,Si,2,0,0,1,1,0,0,0,5,3,0,0,0,1,0,2,0,7,0,0,0,0,0,7,0,0,0,1,7,0
Sb,Pb,4,0,1,0,1,0,0,0,3,7,0,21,28,1,0,1,0,0,89,0,0,0,9,16,80,0,0,26,89,11
Sb,REE,0,0,0,0,0,0,0,0,0,0,0,0,0,0,0,0,0,0,0,0,0,0,0,0,0,0,0,0,0,0
Sb,U,0,0,0,0,0,0,0,0,0,0,0,0,0,0,0,0,0,0,0,0,0,0,0,0,0,0,0,0,0,0
Sb,F,1,1,0,0,1,0,0,0,0,0,0,1,0,0,0,0,0,0,0,0,0,2,0,2,0,0,0,0,2,0
Sb,Cl,3,1,0,0,2,0,0,0,0,0,0,4,1,0,0,1,0,0,9,0,0,0,13,10,6,0,0,3,13,0
Sb,O,32,11,2,8,15,0,4,1,13,19,2,11,3,6,3,9,0,7,16,0,0,2,10,90,20,0,0,13,90,1
Sb,S,10,3,4,0,2,0,0,1,5,15,4,34,48,2,0,2,0,0,80,0,0,0,6,20,147,2,0,42,147,14
Sb,Se,0,0,0,0,0,0,0,0,0,0,0,3,2,0,0,0,0,0,0,0,0,0,0,0,2,6,0,0,6,0
Sb,P,0,0,0,0,0,0,0,0,0,0,0,0,0,0,0,0,0,0,0,0,0,0,0,0,0,0,0,0,0,0
Sb,As,7,3,1,0,2,0,1,1,3,3,0,7,12,2,0,0,0,1,26,0,0,0,3,13,42,0,0,57,57,1
Sb,Sb,32,11,4,8,15,0,4,2,18,33,10,45,52,7,3,9,0,7,89,0,0,2,13,90,147,6,0,57,251,15
Sb,Bi,0,0,0,0,0,0,0,0,0,6,1,7,5,0,0,0,0,0,11,0,0,0,0,1,14,0,0,1,15,15
Bi,H,42,1,0,1,2,0,0,4,0,10,1,7,0,0,0,1,0,1,5,0,6,0,2,41,4,1,10,13,0,42
Bi,Na,1,4,0,0,0,0,0,0,0,0,0,0,0,0,0,0,0,0,0,0,0,1,1,4,2,0,0,0,0,4
Bi,K,0,0,1,0,0,0,0,0,0,1,0,1,0,0,0,0,0,0,0,0,0,0,1,1,1,0,0,0,0,1
Bi,Mg,1,0,0,1,0,0,0,0,0,1,0,0,0,0,0,0,0,0,0,0,0,0,0,1,0,0,0,1,0,1
Bi,Ca,2,0,0,0,4,0,0,0,0,1,0,2,0,0,0,0,2,0,0,0,0,1,1,4,0,0,1,1,0,4
Bi,Ba,0,0,0,0,0,0,0,0,0,0,0,0,0,0,0,0,0,0,0,0,0,0,0,0,0,0,0,0,0,0
Bi,Ti,0,0,0,0,0,0,0,0,0,0,0,0,0,0,0,0,0,0,0,0,0,0,0,0,0,0,0,0,0,0
Bi,V,4,0,0,0,0,0,0,7,0,0,0,1,0,0,0,0,0,0,1,0,0,0,0,7,0,0,0,0,0,7
Bi,Mn,0,0,0,0,0,0,0,0,1,0,0,0,0,0,0,0,0,0,0,0,0,0,0,0,1,0,0,0,0,1
Bi,Fe,10,0,1,1,1,0,0,0,0,22,0,11,1,1,0,0,0,1,8,0,0,0,1,12,11,0,3,5,6,22
Bi,Ni,1,0,0,0,0,0,0,0,0,0,8,1,0,0,0,0,0,0,1,0,0,0,0,2,6,0,0,3,1,8
Bi,Cu,7,0,1,0,2,0,0,1,0,11,1,61,12,1,0,0,0,0,40,0,0,0,3,10,47,9,2,4,7,61
Bi,Ag,0,0,0,0,0,0,0,0,0,1,0,12,33,0,0,0,0,0,24,0,0,0,0,0,30,3,0,0,5,33
Bi,Zn,0,0,0,0,0,0,0,0,0,1,0,1,0,1,0,0,0,0,0,0,0,0,0,0,1,0,0,0,0,1
Bi,B,0,0,0,0,0,0,0,0,0,0,0,0,0,0,0,0,0,0,0,0,0,0,0,0,0,0,0,0,0,0
Bi,Al,1,0,0,0,0,0,0,0,0,0,0,0,0,0,0,1,0,0,0,0,0,0,0,1,0,0,1,0,0,1
Bi,C,0,0,0,0,2,0,0,0,0,0,0,0,0,0,0,0,3,0,0,0,0,1,0,3,0,0,0,0,0,3
Bi,Si,1,0,0,0,0,0,0,0,0,1,0,0,0,0,0,0,0,3,0,0,0,0,0,3,0,0,0,0,0,3
Bi,Pb,5,0,0,0,0,0,0,1,0,8,1,40,24,0,0,0,0,0,86,0,2,0,3,6,72,13,2,5,11,86
Bi,REE,0,0,0,0,0,0,0,0,0,0,0,0,0,0,0,0,0,0,0,0,0,0,0,0,0,0,0,0,0,0
Bi,U,6,0,0,0,0,0,0,0,0,0,0,0,0,0,0,0,0,0,2,0,6,0,0,6,0,0,2,3,0,6
Bi,F,0,1,0,0,1,0,0,0,0,0,0,0,0,0,0,0,1,0,0,0,0,4,0,3,0,0,0,0,0,4
Bi,Cl,2,1,1,0,1,0,0,0,0,1,0,3,0,0,0,0,0,0,3,0,0,0,11,6,5,1,1,2,0,11
Bi,O,41,4,1,1,4,0,0,7,0,12,2,10,0,0,0,1,3,3,6,0,6,3,6,78,9,2,11,17,1,78
Bi,S,4,2,1,0,0,0,0,0,1,11,6,47,30,1,0,0,0,0,72,0,0,0,5,9,116,9,0,5,14,116
Bi,Se,1,0,0,0,0,0,0,0,0,0,0,9,3,0,0,0,0,0,13,0,0,0,1,2,9,26,0,0,0,26
Bi,P,10,0,0,0,1,0,0,0,0,3,0,2,0,0,0,1,0,0,2,0,2,0,1,11,0,0,11,0,0,11
Bi,As,13,0,0,1,1,0,0,0,0,5,3,4,0,0,0,0,0,0,5,0,3,0,2,17,5,0,0,23,1,23
Bi,Sb,0,0,0,0,0,0,0,0,0,6,1,7,5,0,0,0,0,0,11,0,0,0,0,1,14,0,0,1,15,15
Bi,Bi,42,4,1,1,4,0,0,7,1,22,8,61,33,1,0,1,3,3,86,0,6,4,11,78,116,26,11,23,15,223